-6.839543928841558795e+01,9.763026749187255859e+01
-7.262950644649744270e+00,4.856064997944433514e+01
-6.347897519882007344e+01,8.171721384069583394e+01
-4.471180002149644395e+00,5.657499514027716714e+01
-3.520152341626121739e+01,6.181366206941127217e+01
-2.919633811754063402e+01,6.864018703545630729e+01
-2.098612365147275582e+01,2.812951344447064983e+01
-1.471681236329493103e+01,5.581819957011120437e+01
4.523376976702071950e+00,5.356259171361152482e+01
-2.840218422663248887e+01,5.744388220119506627e+01
-2.303843515600375014e+01,3.089241631522430609e+01
-5.476138100548948984e+01,6.748046970269463429e+01
-3.999863190563399939e+01,6.347054135993977297e+01
-5.716760359930298740e+00,4.222808501487957500e+01
-4.621063359627495970e+01,6.168197811675964459e+01
-1.724485258964767453e+01,1.651128540091906771e+01
-3.534389337576912027e+01,5.968931642771977408e+01
-4.113112578096731653e+01,7.123761216584406952e+01
-6.570964157781632764e+01,9.585949247508997928e+01
-6.345775710449866835e+01,9.460037752234636343e+01
-6.333472713388515984e+01,9.438876867298003503e+01
-4.413870291759541686e+01,6.119250305819721802e+01
-5.351857512689242924e+01,6.882547280321738015e+01
-1.014954076971842589e+01,5.656099831928084143e+01
-2.831717630862831214e+01,5.320373658538967732e+01
-5.082207754600229777e+01,8.111992433496959620e+01
-5.588853023955467592e+01,7.944274139964977621e+01
-4.055735029809664383e+01,7.229772432164578788e+01
-2.685914631976540434e+01,4.439323241491834438e+01
-9.738559394416043125e-01,4.612200675050493714e+01
-4.667251060929704920e+01,6.552044918528230255e+01
-4.035207817478988801e+01,6.767377903854696797e+01
-8.148139335703346475e+00,2.239532052615599511e+01
-6.029683348377061236e+01,9.393490141367774982e+01
-3.536045213946194110e+01,4.964162681674740440e+01
-3.560123103802109057e+01,5.580594708838060569e+01
-5.319819225628358339e+01,8.126624004153647718e+01
-2.094485635819438940e+01,5.119596731601915707e+01
-2.266803917535449386e+01,3.720417634007886676e+01
-5.415390415414796266e+00,4.032476341658411911e+01
-3.895464427647462458e+01,6.773040831690798314e+01
-3.255057761643281822e+01,5.767975314102374540e+01
-4.655320367520845792e+01,8.212714521748505092e+01
-1.306142445986033351e+01,-8.188348666598903591e+00
-2.438965820511490890e+01,-2.650339782888247786e+00
-3.368474563115764653e+01,2.173553846874697548e+00
-3.993727562121070207e+01,-7.935177507144832720e-01
-3.850521801660038435e+00,-7.520323851574641338e+00
-2.453412105755275263e+01,-1.260536590429701675e+01
-4.880642763683891872e+01,2.050364271702858066e+00
-2.722427563944788886e+01,3.213922284536374185e+00
-1.590427901297290347e+01,-1.221526829745332998e+00
2.752589341413067814e+01,-1.944641096311244510e+01
-6.631483205057155317e+01,9.454880434814581847e+00
5.064478785398233640e+01,-5.713192014143899655e+00
-4.629521928774401829e+00,-5.727364468949183163e+00
-1.528271849953408612e+01,-3.927069526492851459e+00
2.415942715923360140e+01,-5.711645100432081179e+00
-1.309121558535883689e-01,-5.728861922533547979e-01
6.341615487049638489e+01,2.758917422206202730e+01
1.749546006116490560e+01,3.839069734675996326e+00
1.891573348304974544e+01,3.818579528670333345e-01
2.978518270849400906e+01,7.191223341178910822e+00
8.208625840678896779e+00,2.853403257899531908e+01
4.215659280187345814e+01,3.599459391976814970e+01
5.695794680595545145e+01,3.970559942092415184e+01
7.483600083061578800e+01,3.305181774073970047e+01
9.523540530420939731e+00,3.010018361482032390e+01
5.601659629066931823e-01,2.846148520706911356e+01
9.221635466256181246e+00,2.602262664786967150e+01
7.168943654361483730e+00,1.654927567477282935e+01
8.130198771095882648e+01,3.743613890365332963e+01
4.503043478260845234e+01,3.351817900643771964e+01
5.583521885359686365e+01,3.137146138422485819e+01
2.923900676388445063e+01,3.217304483173813168e+01
1.329195678817129433e+01,5.549878980149768104e+00
2.903415077212119400e+01,3.079912805391425934e+01
4.867223210572668535e+01,3.395667300164438984e+01
3.066565650047257208e+01,3.266411674426926481e+01
5.988058773225062481e+01,2.145057229493390238e+01
6.639081947242323167e+01,2.606367898213980894e+01
6.617510070155631752e+01,3.315642956321985224e+01
2.773404772582443201e+01,3.061374988167273514e+01
4.098519070948186993e+01,4.688551154224175832e+01
4.392837560790847107e+01,4.240599681797586840e+01
-6.044898396478608049e+01,7.066489813448033175e+00
2.346161111795672838e+01,-8.445732451794551565e+00
-2.586440960074376960e+01,-5.638873719247589733e+00
1.759689476073410930e+01,-1.039096064150581178e+01
-2.482737253234435837e+00,-5.595985972163223465e+00
9.646587862748975795e+01,5.446092444863953830e+01
5.912331972785447931e+01,7.376141537116953195e+00
7.080943481819984697e+01,1.558291244539445941e+01
7.330493424032447081e+01,3.388292422473355714e+01
2.820920939079823242e+01,-3.157554081222200271e-01
-8.501397832366139085e+01,2.721076131460641889e+01
-6.445934630859416359e+01,3.162227973450233875e+00
-7.593881275739337866e+01,1.375345213084512253e+01
-7.443051105140280299e+01,1.010653863906331118e+01
-4.288931622235765673e+01,-1.103873078769303007e+01
-5.562317745717798090e+01,3.841367702052287836e+00
-3.373198357665786773e+01,-8.975885746982025237e-01
-1.966045166921089660e+01,-7.320447650704510423e+00
-4.193458110066671196e+01,-1.622806279014382014e+01
-3.037544436544622783e+01,-6.245523982004955954e+00
-3.395568721293476955e+01,-2.073842738316756495e+01
-1.765169492196226386e+01,-6.372323128870536202e+00
-1.498342401194545914e+01,-6.361904877536360914e+00
-1.421024908960543165e+01,-8.349046756699202376e+00
-1.531604367476555772e+01,-6.320417877687290797e+00
-4.599929211864161260e+01,-9.955776965248750443e+00
-6.876023637200152905e+01,1.039807772448804535e+01
-1.777971053695171832e+01,-2.176009893946206830e+01
5.721373908216540372e+01,-2.973979720298683738e+00
-1.725361039041105116e+01,-1.668828622154405750e+01
8.440014689490780597e+00,-8.685724281831623372e+00
6.466160127854040240e+01,1.122423048591671702e+01
3.210246440046829974e+01,-1.611116051873759147e+01
-2.748883174291258769e+01,-2.034091094343923345e+01
-8.893925858036533327e+01,2.998927425036470495e+01
-9.478166094239202266e+01,3.705165690987008276e+01
-5.405072329656645280e+01,-7.111974625685396845e+00
-7.292807487261129040e+01,1.005019098465675675e+01
-1.700591413288314158e+01,-1.747609725156632976e+01
-1.576807031856310104e+01,-1.554489927585632891e+01
-8.128736879445814623e+01,1.769645355680152221e+01
-7.442326775709229025e+01,8.933850077706663839e+00
-8.679652235245771408e+01,2.413641110225439945e+01
-3.397078170852690704e+00,-2.419675237346226382e+01
-8.708763153754307496e+01,2.199050227924146128e+01
-3.573821976008496648e+01,-9.704781348807737018e+00
-1.717290821712340332e+01,-9.513722063267298523e+00
-2.688686274802483211e+01,-1.799415042162396361e+01
7.345714783144368987e+00,-1.712692045390313567e+01
-3.839408936264770489e+01,-2.113416017911108469e+01
-7.272567182195014368e+01,7.643782370447897101e+00
-1.208419142521332112e+01,-1.721757934308850935e+01
-5.478469338788899634e+00,-2.061040542271157605e+01
-4.392543589015248107e-01,-1.181075246655645650e+01
-7.235042974424483475e+01,6.451280821979102242e+00
-3.268462403826107021e+01,-2.125063185047288528e+01
-2.075869842771305684e+01,-3.333808522993295220e+00
2.473735569001127033e+01,-1.574475234020018455e+01
-7.949353302775912233e+00,-1.308335576499439412e+01
-3.701744727641922594e+01,-2.488652054055505491e+00
-8.125548683437341424e+01,2.401570396443360877e+01
-5.662963957759895806e+01,-1.337976816601695162e+01
-6.067739580065966720e+01,1.061064013148380836e+00
-4.563241023097003790e+01,-1.243715310913760419e+01
-2.975051047972142371e+01,-5.760346769568058356e+00
-1.860586697206538531e+01,-1.747611591893726768e+01
1.139783578621513449e+01,-1.549583607466959201e+01
-2.665694476628891696e+00,-1.602104660444623008e+01
-7.067239889209122339e+01,8.093486189742394643e+00
2.022072388786346053e+01,-1.482733549020558961e+01
-4.843698830128013100e+01,-1.463256060191414676e+01
4.169939220529770552e+01,-1.537274702362986289e+01
-1.337403447085222652e+01,-2.262336702977267677e+01
-4.389368834568306710e+01,-1.327987123709087314e+01
-8.996491854502090746e+01,2.842149639473315048e+01
-7.771876705115070649e+01,1.949433229038780979e+01
-5.432403475086601219e+01,-6.841273586611484880e+00
-8.341117041994019132e+01,2.004574252939610091e+01
-5.610445990566353913e+01,3.873959934506511882e+00
-1.416347740648835796e+01,-1.796698754058819603e+01
-5.324430353485275447e+01,-1.356887046614562387e+01
-5.791800372162908417e+01,-6.376897445767156114e+00
-6.493870701173594284e+01,-4.639379012470762342e-01
-1.885708079158125372e+01,-1.725779511822290857e+01
-8.121792286258200022e+01,2.156928003365389301e+01
-5.240988556237005014e+01,-7.554887931012702396e+00
-4.091588537322630259e+01,-9.918368454187699967e+00
-4.389855344349248867e+01,-9.296551256452268319e+00
-6.278558401873271322e+01,2.303056625547447389e+00
-6.679340907594524879e+01,2.786671803606443287e+00
-6.963301314301180867e+01,-4.264892755900326904e-01
-6.867185875170490306e+01,9.712764702530929384e+00
-1.794581653067113791e+01,-1.417121709088158710e+01
-3.591150056473160390e+01,-2.625208509246306221e+01
-4.828539325285362338e+01,-1.401900181044045368e+01
1.509447327448797616e+01,-1.466500453065408394e+01
-5.042374444244671139e+01,-7.324503235919685551e+00
-6.459032692453769542e+00,-1.758548075226270768e+01
-6.583790563501491988e+01,1.441558421984339367e+00
-4.330772839078812098e+01,-3.320152034212473513e+00
-9.813967805501241060e+01,4.099849426969154820e+01
-8.198595872116092664e+01,2.250599859478361253e+01
-2.645680957825209134e+01,-8.167254678829198866e+00
-6.328105820556086769e+01,7.145621483562917930e+00
-6.315890088448609418e+01,5.058133883200079062e+00
-4.240854882882628374e+01,-1.853954204216357127e+01
-4.493310358559320150e+01,-1.819955533872260744e+01
-9.725423574728719700e+01,4.053659631707580502e+01
-1.217212859135018554e+01,-2.399651002610327666e+01
-4.375709017735078277e+01,-7.789902787055890343e+00
1.804326095901822313e+01,-2.191358891176652790e+01
-3.944928486854542626e+01,-1.846200933253992460e+01
-3.978106972319914547e+01,-1.217474728555787955e+01
-1.420625208073074397e+01,-9.298826352465335177e+00
-2.529989526022370327e+01,-2.380629866553945817e+01
6.793957449236442514e+00,-1.331466850676894609e+01
2.705675683551396915e+01,-9.072900081391329863e+00
-2.180609751163580512e+01,-1.928807368139829492e+01
-5.580037372002822238e+00,-1.457661601389888339e+01
-4.599027305696336754e+01,-1.337721084297772656e+01
-3.023736330702320174e+00,-2.168418988379447399e+01
-1.044518853996124896e+01,-1.379213998631630567e+01
3.733178885645215939e+00,-1.444038978919260252e+01
-4.699630776495803985e+01,-9.076085316699440853e+00
-4.559723279087849335e+01,-1.889693449853661278e+01
-5.784301975519190364e+01,-9.839145501066877131e+00
-3.650314620300419222e+01,-1.923814150092916719e+01
-7.840344486320613271e+01,1.176031005029105181e+01
-5.229159947824418708e+01,-7.018973748767502130e+00
-4.157774108252506551e+01,-6.037938779782540344e+00
-7.482802919446690737e+01,1.400239035006720734e+01
-5.215095231676312437e+01,-6.198803305439891886e+00
-6.469621517601910909e+01,7.574518554102508183e+00
1.284181544500694017e+01,-9.035593887496627730e+00
-6.221336881524950257e+01,5.577205176366399009e+00
6.040621229883641696e+00,-2.344550912257395581e+01
-1.475194129824022937e+01,-2.136844200741691324e+01
-1.276991377785753912e+01,-1.708907244535122416e+01
4.449234923899326510e+00,-1.117493441401326848e+01
1.632951793951331254e+01,-2.406490912593906017e+01
5.936306631594461436e+01,-7.167274954477546700e+00
-1.591646398920804373e+01,-9.544125346230307727e+00
-6.119690428816340955e+01,-6.157158758365562257e+00
-6.482848440834382586e+01,1.897443471732014997e+00
-4.937550543001558623e+01,-1.557105327932717032e+01
5.722264412438565095e+00,-2.471108929534319998e+01
-5.683261005973658797e+01,-1.055645795522651254e+00
-5.043153027385339726e+01,-5.505953633495940025e+00
-5.515786175070777375e+01,3.252070926524964989e+00
-4.022841021947455431e+01,-1.516237618301318513e+01
-1.946783762227462411e+00,-2.396563948947248690e+01
-6.187929434187469724e+01,6.163982600294801273e+00
-1.605139871867275758e+01,-1.096818794940832298e+01
-8.027248842470466172e+01,1.507936129982699569e+01
2.051745152584778609e+01,-2.024037673303841700e+01
4.170224537339768744e+01,-7.228429238743598439e+00
3.124301598260335044e+00,-2.126201553202335148e+01
-5.341646448090254751e+01,-7.181339655178037518e+00
-5.723549735674944117e+01,-4.628916547757334854e+00
-4.518309835621133175e+01,-1.127814330540389953e+01
-7.596859426734447140e+01,1.475246015649350007e+01
-5.031877851240277977e+01,-4.128515433574305504e+00
7.915056736389219694e+00,-3.105644399646747900e+01
-1.082664210174160146e+00,-2.138801139224179337e+01
-6.326292979160940888e+01,3.742715234624682363e+00
-7.837554936264898231e+01,1.384724125986302390e+01
-5.726301726502277489e+01,-3.182881280797859036e-01
-5.287088115709264002e+01,-9.659042148442265940e+00
-6.624085759129269491e+01,5.677147518150308159e+00
-8.843759047667208506e+01,2.631528661883162812e+01
-4.303549335977321277e+01,-2.204322983406425251e+01
1.021726578300983057e+01,-2.725563710984532761e+01
-1.377889133455950521e+01,-5.296441380176137415e+00
-1.816550144406364531e+00,-1.209523423279683740e+01
7.682997734027830461e+01,2.540204064584770904e+01
1.231262088519644804e+00,-2.277536012356346262e+01
-1.700886906555792777e+01,-8.511437003188845551e+00
-1.525945611074985386e+01,-2.488360038476150393e+01
-2.816203923673974785e+01,-2.310612507620494682e+01
2.866108683767840049e+01,-1.459035785754485737e+01
-1.809471715927180702e+00,-2.355823622915197646e+01
2.493727800169342146e+01,-1.843082225171892219e+01
-4.736188561450525469e+01,-1.409563237743710573e+01
-7.468731562322300022e+01,1.078136083229044040e+01
3.634915822623839432e+01,4.507500354086166894e+00
8.438301969980297912e+00,-2.500257522995383042e+01
-3.073021233393454565e+01,-9.373113382296638818e+00
-1.026761569746722635e+01,-1.097595129236659339e+01
-7.024952852656697999e+00,-1.085033234567324634e+01
3.987367021693377467e+01,-1.555927309037546635e+01
6.883334501310952191e+01,3.810064218896349608e+00
-1.961436697015649244e+01,-1.309360231214161452e+01
5.402188742284215550e+01,-1.457335518995430590e+01
-6.442715215326278155e+01,-3.660793332544448386e+00
-2.052362908535690167e+01,1.412355289060309005e+01
-1.364598782812453059e+01,-2.065604150933080874e+01
1.569331503884101409e+01,-1.827757071631785735e+01
9.710196964594118185e+00,-1.923249164770784958e+01
7.048292901168464653e+01,1.290238335057208907e+01
6.848483592798966413e+01,-2.760613184714691415e-01
5.028038766483859945e+01,-1.477918344136870399e+00
5.586256670861379803e+01,-1.300518730049588356e+01
-2.719794487206193878e+01,-1.232123321436885988e+01
-3.125821586169575639e+01,-1.879008772496227309e+01
-4.040428162883439001e+01,-5.247631592929157485e+00
5.430592736999420822e+01,-1.286085181495564278e+01
-8.392774960184891597e+01,2.287126687951148085e+01
1.199637912377558457e+00,-1.936369753179663533e+01
-1.640876107431488506e+01,-1.790244750965320009e+01
2.758893756401261044e+01,-1.277582150177112474e+01
-9.416810332651198934e+00,-3.003752426648132712e+01
-7.240120806817327725e+00,-1.212021096256080455e+01
3.302291961203364679e+01,-2.372945231573261893e+01
-1.633507603949884768e+01,-1.390048415252240410e+01
4.559565892571348655e+01,-1.844740642359581528e+01
-4.609162340231002730e+01,3.777854523551028798e+00
-9.845766227942982507e-01,-1.988639908039997906e+01
3.380121780692251576e+01,-1.687428756103793503e+01
2.857674374716468080e+01,-2.234629123832738529e+01
-1.725053902859570698e+01,-6.322030591118564580e+00
-1.246211275052986700e+01,-4.865507438502413073e+00
-1.389409167871044737e+01,-8.826531111142553954e+00
-5.115279720220825554e-01,-1.198194617880252366e+01
2.899322200440342456e+01,-1.468516712786080092e+01
-6.131347594016371971e+01,2.632453708383573066e+00
-7.854945184632124722e+01,1.654720051288816052e+01
-5.665324892363699405e+01,-3.700234148555150426e-01
-4.113055156256664624e+00,-1.607729999405738752e+01
-2.060407150716091706e+00,-1.173698306274522984e+01
4.108381087799231324e+01,-1.305698243593541541e+01
-7.998895239285244152e+00,-2.419758071396418586e+01
4.929204142653850340e+01,-4.429101833386609677e+00
-2.203925305923317168e+01,-1.342925046530023714e+01
7.052009526279928053e+00,-2.841719513523399243e+01
8.109710582468014906e+00,-3.056210976627276210e+01
1.427666670749483302e+01,-1.068167944898479682e+01
-4.242794086628930472e+01,-3.905851340417268336e+00
3.837190869250564162e+01,-1.042710860502532455e+01
-2.863801714616059968e+01,-9.057088331178917429e+00
3.946488804339539058e+01,-4.313930679370612253e+00
1.368626792809760495e+01,-8.914565280528867319e+00
1.758091088364529142e+01,-1.993675608026812540e+01
8.709512609916794190e+01,4.056649438000826535e+01
-3.575142824145643772e+01,-1.847559247056353371e+01
-2.878237189411612817e+01,-2.116709984115472665e+01
6.765484811227766215e+01,1.459626239640934386e+01
4.082831836781322110e-01,-2.884825349913698034e+01
-3.777893157642771627e+01,-1.199286244051587680e+01
7.338154378960363999e+01,2.387443207476351148e+01
-5.800296868540954165e+00,7.558017948749545800e-01
-6.077236139631897238e+00,-1.253319787203359015e+00
-4.707636687593165448e+01,-1.557704157661830457e+01
3.257992043900880219e+01,-9.150779208273943865e+00
-2.908515852560540793e+00,-1.358140281374799052e+01
3.168820092484583739e+01,-1.756518987314354874e+01
7.113243063798230992e+01,9.158202196089408886e+00
-1.224685751485342422e+01,-7.699241277458542143e+00
-6.308723321682847995e+01,5.676068485528098506e+00
-8.096799497204877127e+00,-1.639869026379533068e+01
6.379044664791800656e+00,-2.054242274808242286e+01
-1.948224536715966693e+01,-2.424697200388194673e+01
-3.406777189484990487e+01,-1.838487609256264221e+01
-6.512607647952955858e+01,8.456087508948693099e+00
2.414200733081841932e+01,-2.261184861039532379e+01
-6.375808025956939851e+00,-2.310491327321749466e+01
6.689935289576617095e+01,5.318135545240803452e+00
5.124358606476961597e+01,-5.734498771331447919e+00
7.595221661035962768e+01,1.638633057760662837e+01
-5.611488851208938478e+00,-9.161157569512095478e+00
1.338661349914634080e+01,-2.208377228724036456e+01
4.916210873590912200e+01,-5.992366488928218438e+00
-1.144710589646792620e+01,-2.872976962143811974e+01
-4.536275853250182877e+01,-1.345775477318939473e+01
4.242156479739536223e+01,-1.406909822135233412e+01
8.134903167587212991e-01,-1.634992523536400455e+01
1.807051011393701945e+00,-1.869643097517058905e+01
-5.517740817708178014e+01,-6.950456609987626599e+00
1.128103876928980220e+01,-2.331274703904905010e+01
-3.152901094097261492e+00,-1.444186616155218950e+01
-8.628962455080527505e+00,-1.835179908700408902e+01
9.271166315228601462e+00,-2.632866815605805755e+01
-1.317373007568401790e-02,-2.724717236357917827e+01
8.170851802147490517e+00,-1.907387962932925873e+01
-4.150267744365157085e+01,-1.561353799653022278e+01
-3.719576951562552303e+00,-1.162982837988729656e+01
-1.663089518891933238e+01,-1.937386826716146615e+01
-4.475389951722378967e+00,-1.790689638986244958e+01
4.331219088261973837e+01,-1.240322540226975256e+01
-1.538779367616564642e+01,-1.596183653703763028e+01
2.357679467065139178e+01,-2.006670840552865087e+01
-6.630040260045085176e+01,-3.270465284650994953e+00
-3.387076457747279079e+01,-1.621426611535095574e+01
2.878845218142800277e+01,-1.873135339181250458e+01
-5.548464139849474464e+01,-1.085931148504620403e+01
6.275942684428407858e+01,-6.468181380204792497e+00
1.234068510597945867e+01,-1.793223192486244244e+01
1.953389464779684914e+01,-1.297920537566718302e+01
1.163420123598477041e+01,-2.239677582879700424e+01
1.655873127650652421e+00,-2.662817592542246814e+01
4.361713485837002224e+01,-1.578092196214697474e+01
-6.104926023366297727e+01,2.230597895573825706e+00
3.260618308267982002e+01,-1.811198862849145286e+01
3.390373375468259098e+01,-1.152151841548395339e+01
-1.246798272792825557e+01,1.164968183280667802e+02
-2.583593253047162719e+01,-8.322028388260672926e+00
-6.951471249095314420e+01,9.684874082613998070e+00
-1.665577319465326767e+01,-1.266830550214015183e+01
1.543726952719828560e+01,-2.481209691226433378e+01
-4.609735156540640588e+01,-2.573581990703139796e-02
4.296181999233466797e+01,-1.711172987946139301e+01
-2.727056471537659021e+01,-2.459650439549951884e+01
-4.404126730464766837e+01,-9.135183015510961013e+00
2.095159250663518691e+01,-1.750836783809286956e+01
4.171680024102310824e+01,-1.341370161356280910e+01
3.615773194329065632e+01,-8.310791768829526305e+00
1.539317331611332307e+01,-1.030247383903576441e+01
5.698857647458598308e+01,-6.543115702298789138e+00
-3.227760538875194385e+01,-1.723281085732112672e+01
1.047154726066734298e+01,-2.488127228607610064e+01
4.867323408494507220e+01,-1.170378169631501919e+01
-1.245829886832414779e+01,-2.195772393086343044e+01
1.299482072140840572e+01,-1.953387404125939142e+01
-6.692013753993911962e+01,2.458570361346287925e+00
-1.009890157183363790e+01,-1.453864305268176338e+01
-1.359524782593666359e+01,-2.031020405252426286e+01
2.431894888153420098e+01,-7.606653353561450004e+00
1.381316711324744162e+01,-2.436357002902558833e+01
-3.587808938907745215e+01,-2.145985585335539625e+01
2.244370056976486438e+01,-8.894712935061466208e-01
-5.170978596481056400e+01,-1.158620130916506419e+01
-6.294318518788234229e+01,-3.794251993372697473e+00
7.996561322799455418e+00,-1.646270806847918777e+01
8.596561654018880461e+01,3.757674705685031569e+01
8.960572119837953764e+00,-2.391541762660920156e+01
3.178698049885192134e+01,-1.760021759197212532e+01
2.721888622007726521e+00,-2.352301132272365081e+01
-1.015375635482883077e+01,-2.193592336462503312e+01
2.744697080430905345e+01,-1.671837588049025669e+01
1.712998366584446330e+01,-2.570394214097612107e+01
-4.776522420185379758e+00,-2.139940912912843274e+01
1.939266969675567864e+01,-2.534434231917700231e+01
-4.181247645917083133e+01,-1.086463936395462859e+01
-3.273538134295427282e-01,-7.001847978605256984e+00
-1.358023978476344240e+01,-1.349910405029832461e+01
-1.852021813489760405e+01,1.648548551264678608e+01
-7.360944065873673026e+01,1.435214062035776195e+01
4.775227987508786853e+00,-2.295253428196430079e+01
6.523655960471387516e+01,8.227166402248622390e+00
1.250970490174311323e+01,-1.858165416695783634e+01
2.394066439022924708e+00,-1.425194396327050228e+01
-3.579130105860183875e+01,-4.463516550095692814e+00
-1.949329963855516112e+01,-1.072196662343819895e+01
-5.906565375928060746e+01,1.193803332419496144e+01
-3.040605366296924217e+01,9.142938645421088140e+00
1.419033134878103830e+01,-1.315112852894687201e+01
-6.907963991527914516e+01,1.476926827678472876e+01
3.191813040352930742e+01,-1.526040891279414602e+01
2.590220071508173660e+01,-1.675786537554203193e+01
-5.091457618628667348e+01,8.074525313667070492e+00
-1.646445982680095810e+01,-6.875365289083776865e+00
1.697441171746830690e+01,-2.764972907479135600e+01
3.728611538878770659e+01,-1.436431261980243335e+01
-1.562150862612593283e+00,-2.572725621328723378e+01
-4.222179783624295801e+00,-3.088951723650720282e+01
1.621870895725426820e+01,-1.501622053779224686e+01
-4.254319771505615799e-01,-7.526763408513135190e+00
-4.296646806851057221e+01,-1.652642762732759252e+01
-9.346561332696794011e+00,-2.148023930735204701e+01
-5.170796480064884548e+01,1.526810569946480234e+00
2.078934956675492884e+01,-1.624139098204900122e+01
1.849688798784179511e+01,-1.605772630685380520e+01
-1.058353608369742282e+01,-3.314619210963315465e-01
-2.514942757708785237e+01,-1.679390572946232751e+01
-1.098037088889402568e+01,-2.691858040816764230e+01
3.048443168529282588e+01,-1.963632383031140805e+01
-3.138568952107606691e+01,-1.952765577457439505e+01
-3.781867230682299663e+01,-5.606150009219492247e+00
-3.300127008995492162e+01,-2.449997269333185557e+01
-3.628145365109598686e+01,-5.651786703013244484e+00
-1.483325714381956928e+01,-2.555014113548665833e+01
2.001180642377374141e+01,-1.379517069268362839e+01
-9.617389707611557981e+00,-1.476763312145770612e+01
-1.295618927207833160e+01,1.076884432853934470e+01
-3.474389934764109711e+01,-1.559987922496604185e+01
-3.296268583273779917e+00,-2.410383979847654246e+01
-1.023360479973811898e+01,-2.134857962794809438e+01
-2.770993013879406419e+01,-1.259170608083217857e+01
-8.695634857289059383e+00,-2.240430181821425393e+01
-1.108773251015466599e+01,-9.602323705567970435e+00
-3.572825707577680987e+01,-7.341029910385113766e+00
1.922670631110738881e+01,-2.252342186466816187e+01
4.467108817003386179e+01,-1.409082310191078236e+01
1.302895748020997502e+01,-1.905872422827255619e+01
-2.222610072143562476e+01,-6.624595886802062239e+00
-3.514708646198323549e+01,-1.739914891253836160e+01
-3.973851470982799228e+00,-2.327090941341389652e+01
2.056659630666456451e+01,-7.825302121370264707e+00
-3.818125500669367511e+01,-4.811215115673284970e+00
-6.302085611100115159e+01,-1.084595259519411137e+01
-6.857266010639102660e+01,4.175865343282214245e-03
-3.037175364263672606e+01,-2.168749486872937382e+01
-1.575712917323687989e+01,-1.165929923999227391e+01
-5.825200935946384995e+00,-1.555060616567688214e+01
6.379824737613702723e+01,3.879316159302328870e+00
8.914926700408204852e+01,4.500659865322779751e+01
-4.229946903048131901e+01,-1.150447518766577915e+01
-6.498797064035150228e+00,-2.101166073288952774e+01
-2.032357949887740389e+01,-2.453968899080939181e+01
8.710599379168808554e+00,-2.859360087355637603e+01
-4.505908155981051522e+01,-1.268240580355832137e+01
5.538447835875456349e+01,-7.585001109749127224e+00
-1.292773966167017718e+01,-1.231134096641967446e+01
4.480122169342000582e+00,-8.536261836570625761e+00
-4.277674400441927816e+00,-2.262897066942809587e+01
6.257394110172312196e+01,7.364448805538406972e+00
-1.331932150657451075e+01,-1.355766661024432906e+01
-6.267802891916001329e+01,-4.156560443066308785e+00
-1.918540215171731589e+01,-1.213842115263736510e+01
1.253036042910150627e+01,-2.736602566616350174e+01
-1.338540573663726807e+00,-1.378338909215429986e+01
1.018368787959081256e+00,-1.754054878929152750e+01
3.926065788159289127e+01,-7.473323577083260005e+00
-9.710368159370819541e+00,-3.040014398713392652e+01
-3.061762966611710723e+01,-2.903222089957828267e+00
2.999336624284136121e+01,-1.194118593793584715e+01
-3.911337033585649436e+01,-3.377481538344904166e+00
-2.873292684385742746e+01,-4.139462017314690989e+00
6.655389851651060118e-01,-2.491984991982099373e+01
8.950486351413816877e+00,-1.293316241330810534e+01
8.385702903685580623e+01,3.270030907357129024e+01
-5.558042532790290835e+01,-1.161235707371814918e+01
5.504263733368536293e+01,-1.397205889443702453e+01
-3.758290538709368178e+01,-4.538435391798063101e+00
-3.934800045010026537e+01,-1.828986259950532656e+01
3.898960129788211759e+01,-7.217974427522521275e+00
-2.718353678860974298e+01,-1.068300621821390450e+01
4.330071548207020982e+01,-1.854380523916318424e+01
-7.668465539837056610e+01,1.088075562626016790e+01
-3.711328201899337387e+01,-1.129096910844374868e+01
3.789131363933634589e+01,-1.212962894610264541e+01
-6.506231113749346662e+01,7.640630462628532626e+00
-6.648652943869120868e+00,-1.958880614855661761e+01
1.297053838324682573e+01,-2.530152042478831476e+01
3.055482954127273487e+01,-9.906375449312294634e+00
4.158524957507110287e+01,-1.820949222317336336e+01
-2.906287246966521209e+01,-1.586791355232684708e+01
-4.224262971084726814e+01,-1.715244262395503583e+01
-4.445691625172756289e+01,-5.214111665878848001e+00
-4.941371326880317127e+01,4.715023956442201403e-01
-1.813081089255380007e+01,-1.303211497233323257e+01
-8.646712151738636010e+01,2.630405106576878538e+01
-1.917970273519064506e+01,-2.180958698211978586e+01
-9.623819470593536707e+00,-2.327444409770844302e+01
8.416648393300356190e+00,-1.536844451034225578e+01
5.732326917264014554e+01,-6.185640232962121843e+00
-3.523183449162285985e+00,-1.840439124124238290e+01
-2.110422621512388375e+01,9.487191499704968223e+00
4.123674950788090143e+01,-2.160521058070354883e+01
-4.306532912719609385e+01,-1.068373236051406927e+01
1.344495402641132742e+01,-1.849754858059773355e+01
6.156915077345959020e+01,-5.570072769334771579e+00
-7.260253212739914375e+01,1.830318215431977436e+01
-1.779758476342074047e+01,-2.440406540934830915e+01
-2.322956266906948741e+01,-2.290830385057217811e+01
2.806928598380602580e+01,-1.184244878961222547e+01
-3.161154589591082242e+01,-1.648045596830148796e+01
-2.234939998845488418e+01,-9.970814973794389857e+00
3.468427556846665283e+01,-1.889432902442842988e+01
4.837740951454846949e-01,-1.321005091174558288e+01
-4.822053198717762257e+01,-8.034966090848783438e+00
9.692625168644470435e+00,-2.661981777944581751e+01
1.554365888831650722e+01,-2.654304455109728877e+01
4.044964399676997147e+01,-9.952963888798903369e+00
-2.531962962420728047e+01,-5.983785812656496006e+00
-3.004846406981333473e+01,-1.975460038855880640e+01
-2.419483837832525808e+01,-1.401414527503028040e+01
1.717978402912425651e+01,-1.366776481844985014e+01
-2.451463072397578458e+01,-6.866666364583149829e+00
-4.024613369104532978e+01,-1.421796558232306396e+01
-1.417033948757749684e+01,-1.949893630374760889e+01
-9.185025751850432130e+00,-1.626161284938363494e+01
-3.526453106051280173e+01,-7.665736661483208536e+00
-4.892629629094331278e+01,-1.096226937431390702e+01
-3.828008148286729551e+01,-7.646199064277483082e+00
-3.198154846891449665e+01,-5.073431319817252927e+00
-3.284066119414042362e+01,-1.154565028847556363e+01
2.655620020741974940e+01,-1.749393860015039692e+01
5.057190056564380143e+01,-1.356508588707084151e+01
1.206856953649884900e+01,-1.330216006550416985e+01
4.498858602202977153e+01,-2.301121262152921432e+01
-2.900791850046513431e+01,-5.669707746276011484e+00
1.156293569612634542e+01,-2.816861652428762852e+01
-1.345315201603959743e+01,-2.057198641037365405e+01
-1.533365433618054396e+01,-2.797607953010583159e+01
1.959258919310078539e+01,-2.003776437699756841e+01
-1.708567558052514457e+01,-2.433660405194854803e+01
9.715412040474946664e+00,-1.940075306513037390e+01
-3.933584825019003972e+01,2.363959029220449892e+01
1.609014357826459118e+01,-1.880241766889056265e+01
-5.304931096314849270e+01,-5.008578151429978753e-01
-5.158300453250798512e+01,-9.700578014456390008e+00
1.611812239626080867e+01,-1.731517912576163454e+01
-1.027849018948192672e+01,-1.935637989128910164e+01
1.268985737279955295e+01,-2.256414811529960218e+01
-3.258923923530902300e+01,-1.650461411685586555e+01
-8.114160133561473742e+01,2.258030694103173630e+01
1.193434462670852092e+01,-2.202600488989007488e+01
-2.276020444817978117e+01,-2.272926528005831059e+01
5.013776951747181698e+01,-9.311842250311295643e+00
1.792899299646932931e+01,-1.752668629486856133e+01
-2.934075648876223497e+01,-6.266095350809226083e+00
-6.235209770982342548e+01,7.023333156520889631e+00
-1.062488601623475759e+01,-2.504789846763067018e+01
-3.709715894874844366e+01,-1.926419824481052245e+01
-8.060189224829080956e+01,1.475870239772986992e+01
-1.606594504952272828e+01,-5.942966323220955083e+00
1.950935788686542338e+01,-2.314730543517012862e+01
1.508666143754496369e+00,-7.046899005576758412e+00
2.911965971035200340e+01,-2.053865030285698623e+01
1.297249537164223021e+01,-9.717853404104390691e+00
-9.011984521859686481e+01,3.216973159924615544e+01
6.530103291864386428e-02,-1.024988266381426882e+01
2.527597144964021769e+00,-1.456689274937702194e+01
-3.565169732222056354e+00,-2.027630324086798552e+01
-1.721223058505140102e+01,-1.019542721137332109e+01
2.070284769331599506e+01,-2.342990719974635994e+01
-2.681619985362744529e+01,-3.699569294085836013e+00
2.267782222661688252e+01,-1.244069108192740991e+01
-4.886849563933711948e+01,-7.120551474466365605e+00
-1.678877869329478401e+01,-1.551252131044918592e+01
2.412222443617646661e+01,-2.461394583304926797e+01
1.959985228493012599e+01,-2.405679666485960055e+01
1.870499497285596746e+01,-1.168543267850555623e+01
-2.110162610678536765e+01,-1.113855768249942102e+01
-3.995062065937537454e+01,-1.731363945800789139e+01
7.101917524153215311e+01,2.465599303330273173e+01
-4.142614244622913056e-01,1.553180930581567942e+01
-3.224364771170128563e+01,-2.095542791601189592e+01
-2.475275998927796195e+01,-7.238587458551617893e+00
1.498633996524635137e+01,-1.789630257332710173e+01
-8.525103478849392502e+01,2.625793918451068976e+01
-4.126178297448293897e+00,-2.894288768216780738e+01
-2.259500061698313544e+01,-1.021110331794082526e+01
-3.234762412024546308e+01,-1.185708211965929237e+01
-3.951836267057769447e+01,-6.613144029274714342e+00
-6.950214193650178629e+01,1.497481726667975366e+01
4.015800973416472885e+01,-2.396729526579940028e+01
-2.145609468013609700e+01,-1.768084823216752000e+01
-2.478761137023714411e+01,-1.284508234030920626e+01
-8.146199576142782561e+00,-1.388311344313101969e+01
-4.841375905427050697e+01,-1.264032026464869318e+01
-3.215546579365099689e+01,-7.994350584719947861e+00
3.113618764515998727e+00,-1.733614200989302034e+01
-6.626722247506745589e+01,1.060789091427995601e+01
6.723017699699900263e+00,-1.747816693214218020e+01
-8.083882838335812338e+00,-2.068035908058466887e+01
-5.419708035548394776e+01,5.110868346390992301e+00
-1.212927316911741649e+01,-2.739937281635694433e+01
-1.430608030779461792e+01,-1.851906234275265817e+01
-6.639063191991404267e+01,1.211442829205838123e+01
-1.735500768004592231e+01,-2.941958729062358913e+01
-6.937730081940664206e+01,9.727899419392107561e+00
-8.570002440410664235e+01,2.810428236134215396e+01
6.856873521987836284e+01,8.553329210093933099e+00
-7.339943529998306815e+01,1.411679497463155997e+01
-7.593036366175816454e+01,2.144694600741662782e+01
2.148084661603087753e+00,-2.499212450573739375e+01
-8.274197753317565684e+01,3.018451574641310486e+01
-4.471377201998204498e+01,-5.909697163137543896e+00
-5.646866569661959545e+01,-8.812031407511458525e+00
-2.052961728919642681e+01,-1.263717626562848118e+01
-6.854323872403136875e+01,1.126509604796778774e+01
-3.806744380471207023e+01,-1.260094298303030591e+01
-3.398858219200913688e-01,-2.114315923587734147e+01
-8.268926308681348303e+01,2.777916036708527514e+01
-5.657311819518076135e+01,2.727548633972790570e-01
-3.814261898362026670e+01,-8.878004702852134500e+00
-4.191730781063141364e+01,-8.619328586080795773e+00
-7.040474025242026812e+01,1.389153089234580740e+01
-8.118531358212086957e+01,2.449873223314296666e+01
-6.170041630225077256e+01,-3.639199015967589990e+00
3.117169539174921411e+01,-2.308615709750230849e+01
-9.426264329042027157e+01,3.643085034165845570e+01
-3.989129188574926488e+00,-1.343825468756585551e+01
5.362425731513273952e+00,-1.891640325486680396e+01
-6.441975072275907621e+01,9.329055680755829472e-02
-3.037096525788493295e+01,-3.026437412749626965e+00
-8.386865012232452443e+01,2.481158095668034846e+01
-9.370561986619462402e+01,3.798823501168570971e+01
-2.201860283694711384e+01,-2.284016296937618762e+01
-6.568199208463448713e+01,9.947335939603270560e+00
-5.347156863169041685e+01,5.193956017629171384e+01
-5.220024068950145590e+01,-6.684562559142353422e+00
-8.332381303917472337e+01,2.943329071190012769e+01
-5.169624422829780741e+01,-1.051879346306058505e+00
-4.753272715134592374e+01,-3.820467841173630585e+00
-1.438427928264248301e+01,-2.660620541721844390e+01
-2.256455965047083367e+01,-2.306883825026902457e+01
-4.964526986224222327e+01,-8.719323125899672178e+00
4.939953412310312153e+00,-1.441905746156657564e+01
-9.646387674031387860e+01,3.846489653106127804e+01
-7.633716055345912821e+01,1.725449961010219724e+01
-1.464316556231009869e+01,-9.255986350133696305e+00
-6.485674177225430981e+01,1.265899547398181824e+01
-5.515454835172790382e+01,-1.182771712917622153e+01
-7.609444941571545939e+01,1.905140950683288636e+01
-5.546816571884082236e+01,1.453781041647009276e-01
-5.953021258104699598e+01,6.596546837131949559e+00
-5.803298597049302998e+01,-6.480777529757392408e+00
-9.786779046651142622e+00,-5.243699990399367294e+00
-6.232488980030758086e+01,-7.436043583485781872e-01
-7.826803005050422257e+01,1.877224808364629283e+01
-2.240190554777645815e+01,-1.301098545113947935e+01
-4.197778379217650979e+01,-7.023401440191385348e+00
-6.065002681242866345e+01,6.453651610987389375e+00
-2.594375489106057486e+01,-1.338767462429411026e+01
-7.676281981915617791e+01,2.111244182009592052e+01
-5.478463267227813560e+01,5.961788584379130285e+00
-8.429195878095701744e+01,2.245191467310737821e+01
-1.355510054741273862e+01,-2.556466681421500553e+01
-8.503945345309143988e+01,2.731703307455823548e+01
-5.040226860934461683e+01,-1.060603504464971891e+01
-3.942093296422098092e+01,-1.880150345109894872e+01
-3.444840175171873398e+01,-1.824405793706402079e+01
-1.336069283851299438e+01,-1.800653964922102190e+01
6.193368622559015080e+01,-5.781135109108821446e-01
-5.145672428390177089e+01,5.469994079972475554e+00
-2.116185317945677369e+01,-2.481434839379714485e-01
2.747548168547588432e+01,-1.551096506780040585e+01
-2.935141954402537934e+01,-8.266889450222334901e+00
-7.335105872246599823e+00,-4.853275820741035140e+00
-3.343805777857524930e+01,-8.365189118830979709e+00
-5.762039087276396998e+01,8.509393875027825294e-01
-6.504290202410503241e+01,1.221679632595065179e+01
-8.651577007633797223e+01,2.553494257204257067e+01
-5.499607059657999031e+01,-4.652237906648220900e+00
-2.056618345596655928e+01,-1.847033129939563878e+01
3.746740070998750838e+01,-1.534430170726438192e+01
-2.634462650906116821e+01,-1.909476396471345083e+01
-1.767618819041940270e+01,-1.998673572334172377e+01
-1.373287694128162428e+00,-1.884449957159715439e+01
-3.619106715510974226e+01,-6.860226465109736438e+00
-1.784413809462451894e+01,-1.628317996841853343e+01
-1.115803673474969848e+01,-1.177560773537664751e+01
-8.839828440871798421e+00,-2.321284410745955995e+01
-3.419580657014264347e+01,-1.856144106609461275e+01
-1.450762665229494885e+01,-1.552851875412759242e+01
-3.443488706468271232e+01,-1.230685679076289496e+01
-2.796355828197954452e+01,-8.270691917539483740e+00
-1.772303660782096202e+01,-1.874768654848153915e+01
-1.949456727020986335e+01,-1.995515528994468823e+01
-1.384806974795683487e+01,-1.404789451992930616e+01
-6.704681175586460995e+01,9.306263701717986336e+00
-2.723942739797706025e+01,-1.359215364871608855e+01
-5.505617017058735030e+01,2.288902060696437246e+01
-4.551556761114842864e+00,4.047703741188569460e+00
3.241963740199059529e+00,-1.586712521372871265e+01
-6.533526289709500645e+01,6.701182756933127926e+00
6.432298831946413387e+00,-1.555479226688611583e+01
-6.494750965425535583e+01,8.057060299910173029e+00
6.034972783135077457e+00,-2.585775123123222130e+01
-2.465496514267920958e+01,-4.939680454300861001e+00
-1.057105715674508062e+00,-1.417815257009901408e+01
1.642657371354109230e+01,-2.196873677784840240e+01
-8.771040005246298676e+00,-2.388024113147927707e+01
8.099757645925544480e+00,-2.680920034945213004e+01
1.133663586393969069e+01,-2.449685207995139180e+01
-6.806300689139494153e+00,-2.292263162155496303e+01
-5.346471667325642052e+00,-1.613692987735687012e+01
3.947440100519001849e+00,-2.707926090115959639e+01
-3.627389473436385714e+01,-1.587555278702957828e+01
1.799272184845769473e+01,-1.722847274530992934e+01
4.766785334678551322e+01,-2.855468208703577648e+00
3.628086790938694151e+01,-1.396732449633890205e+01
1.074311982085783512e+01,-2.069660111711347028e+01
1.646845244782720652e+00,-3.144610487498503559e+01
4.919347526676310878e+01,-5.581822870553094340e+00
-1.822974609689740788e+01,-1.233268534600090760e+01
6.098009803517921057e+01,-1.010875262899828009e+01
2.763577436665034170e+01,-2.195208251685277290e+01
4.605515544199308664e+01,-5.456534006218090482e+00
6.575854935541063817e+00,-1.936321096836455169e+01
6.807673422550180931e+00,-2.628660801295649208e+01
1.762504407832169884e+00,-2.121261379259636470e+01
7.615986771937469868e+00,-2.629720150034993509e+01
-3.303262319576957395e+01,-2.564844604840450515e+01
-4.286226008934166032e+01,-1.579790096379588960e+01
3.488517978535878683e+01,-1.897841323599979901e+01
1.765448405646992569e+01,-2.610932534460209098e+01
-5.505753606615684959e+01,-2.724712166449275053e+00
-5.379846132784465595e+01,-1.109707101619134484e+01
-2.506414044929430762e+00,-1.541403880262599202e+01
-3.330748017341316114e+01,2.046394389361602784e+00
-1.029030502706203798e+01,-2.406896734507605018e+01
9.075463037738161987e+00,-1.198641778949273373e+01
-1.756301799382829287e+01,-1.390550130750541058e+01
-3.824473510502782503e+00,-1.224422307419175660e+01
-5.171124090226515335e+01,-4.236140331413263738e+00
-1.045069320545748148e+01,-1.997946442886414076e+01
1.507888128427501861e+01,-2.426434180006987873e+01
-4.973052906367350801e+01,-4.207616292879500897e+00
-9.088260242334095906e+00,-2.137579767706285239e+01
-1.512441017402325727e+01,-1.752355574376146308e+01
-3.568824488247454951e+01,-1.971317204539615275e+01
-5.415321412098577269e+01,-3.852303109634839018e+00
1.955072841576124532e+01,-8.272916040808905080e+00
3.311554190273863441e+00,-2.542510113138882488e+01
1.936969349200834145e+01,-2.066604917417117093e+01
-3.212236653050782564e+01,-1.455126263962458211e+01
2.402773080225286506e+01,-2.466989830503790060e+01
-1.322171757496856115e-01,-1.927824846930696268e+01
8.537738318663362236e+01,4.035577334008370798e+01
1.570124538711446505e+01,-1.593519725980542567e+01
-5.744441021061957287e+01,-6.335015219300868416e+00
-4.039448272275687657e+01,-1.311888239271778289e+01
-6.607297731832825605e+01,7.578057229980115217e+00
3.422441903780463690e+01,-2.438003740057764901e+01
2.141344602245236572e+01,-2.480800532949131565e+01
-3.661153529583640420e+01,-1.426110012459800558e+01
-2.869138875526110155e+01,-2.510589645068402831e+01
8.442503797773943219e+00,-1.708496037163268255e+01
4.799558882057048947e+00,-2.186185195508907242e+01
-3.154478583869352537e+00,-2.154018895625785746e+01
-5.444471294191193245e-01,-1.675409690583903455e+01
2.923577862149180007e+01,-2.439781062918334342e+01
-5.764787437559965610e+01,-2.555866894574296833e+00
2.832440944603888155e+01,-1.364469370358900768e+01
1.435213246242953744e+01,-2.507794070272030140e+01
-8.776311249426724359e+00,-1.789769536295506214e+01
7.826722234773647813e+00,-1.304075683455562640e+01
1.281243206540325197e+01,-2.247801125479282902e+01
5.020708397756960295e+01,-1.391760546091959405e+01
4.200510738237209551e+00,-2.417510592805312086e+01
-5.595518860803400685e+01,-4.728301430554896712e+00
5.048644196031143849e+01,-1.173310374889151397e+01
-6.074593298546787423e+01,-1.722362782882995935e+00
4.816906563479124515e+01,-3.569780670068080752e+00
-3.611253649723930259e+00,-1.944518061606605031e+01
1.446246540986587981e+01,-1.970570389182812576e+01
3.287024752807300132e+01,-1.644623278957821810e+01
1.486051047049241447e+01,-1.989947737322624022e+01
-3.974113041233281507e+01,-7.653271713099309537e+00
7.755523128038582570e+00,-2.564981021308642184e+01
6.465362094110901126e+00,-2.159117606869415340e+01
-5.350281826493911552e+01,-2.931383735379789694e-03
-3.690684882188384819e+01,-7.833760941751724438e+00
-2.470239610662611440e+01,-2.034967168696480400e+01
-7.611324971493556291e+01,1.233975963497748118e+01
6.614719289936388691e+01,5.756237070846368375e+00
-5.892755755308313326e+01,-1.025923607088436995e+01
-5.157667036197907606e+01,-1.833995161998915790e+01
-6.747468292188750638e+01,-6.148751057015525712e-01
1.408692149911929903e+01,-2.478838299800097644e+01
-3.060297556205667391e+01,-2.090713053731478155e+01
-5.199586778642766660e+01,-3.410052859078120502e+00
3.347250894114832676e+01,-1.168037672587127851e+01
-7.020328811061945373e+01,7.800290195775247959e+00
-4.855190816453666969e+01,3.286153442103487254e+00
-6.855199057402712981e+01,2.773779265164084684e+00
-6.493442616843840653e+01,6.112547672932032938e+00
-1.323342037807044846e+01,-2.224593281559572944e+01
4.509984291502601828e+00,-1.659575847916185865e+01
1.009539175493670449e+01,-1.218861740826990925e+01
-1.543540574921340536e+01,-6.775699612818258721e+00
9.594484229847163093e+00,-2.372177828246009668e+01
1.800209625246012024e+01,-1.542207190481772017e+01
-5.891334601052363951e+01,-8.389082766733780616e+00
-7.022819347002315737e+01,4.874958275940941554e+00
-6.470850828015020539e+00,-1.418118585951973465e+01
-7.366319500687440325e+01,7.563261767769168920e+00
1.037583198674432694e+01,-1.825634485961040099e+01
2.588708768998695930e+01,-1.512628549416226775e+01
-1.940664517947941192e+01,-6.909923030432854496e+00
-1.206726653984273234e+01,-1.820493072522621247e+01
6.657171867985552183e+01,4.594995110939716909e+00
-5.377194967209967480e+00,-2.601548947074667950e+01
-1.733934804134888807e+01,-1.435615198665914960e+01
5.293909301311206406e+01,-7.401919535107852610e+00
-4.968348294410736798e+01,-3.651547729550383092e+00
9.721617086674587682e+00,-1.666323191777123114e+01
1.142773529044310399e+00,-1.543870410780660940e+01
-5.033094030780318334e-02,-2.035792672244765456e+01
-6.387555924579445588e+01,4.811324964308766994e+00
1.511634635633510548e+01,-1.184415170605828038e+01
7.946974410632958730e+00,-2.188555856286263435e+01
1.236762273650574340e+00,-1.719738248789534651e+01
-5.057042999108792714e+01,2.201416330165776092e+00
-5.248093980496784106e+00,-1.736030023814528889e+01
-4.812471859931837059e+01,-6.402244608422204664e+00
-4.468162542936441639e+01,-6.410508484448826927e+00
-3.198743134123748533e+01,-1.371986344097927635e+01
-4.961184553402512165e+01,-1.708867188683492078e+00
-3.593726071000171629e+01,-4.390023721038302185e+00
-4.941087813621548719e+01,-5.989443564894266103e+00
-6.050023478711442948e+01,3.384800908897231508e+00
2.975230433986216028e+01,-2.189364499682978504e+01
1.403262678097228822e+00,-5.323956505208324863e+00
1.145293899839886365e+01,-2.285680751148774803e+01
-5.779687819557744177e+01,1.332600938011876623e+00
-5.641525546757361553e+01,-2.096033869725067333e+00
-5.742150022877539506e+00,-1.156241676538299235e+00
-8.173351307678576916e+01,1.903891975994918440e+01
1.277570343553633414e+01,-1.873570178093375915e+01
-3.644709666429232442e+01,-1.035092554044490321e+01
-4.081566466158357542e+01,-5.588163622424976218e+00
-5.642026320718697718e+01,7.615269917205839123e-01
-3.464629020044456098e+01,-1.128556732955569863e+01
-2.440857959898633922e+01,-1.117356714824517105e+01
3.057399818889083853e-01,-1.201488673867346613e+01
-3.850539233314106013e+01,-6.453338712446723413e+00
-5.217226250836261414e+01,-1.090890417887095731e+00
3.951386640031795139e+01,-2.249079274818773655e+01
9.753864625048350945e+00,-2.531381669911973731e+01
-2.743346208126818553e+01,-1.217214409696521571e+01
-3.047689365311991949e+01,-2.312554610661974763e+01
-4.043906503770778471e+01,-3.892159915338287313e+00
-2.178673882199720779e+01,-2.241531569963035153e+01
-3.756759916059322535e+01,-1.088631040702944475e+01
-2.905197634839137955e+00,-1.473525158846339700e+01
2.244777769752585783e+01,-1.323323953791072327e+01
1.255897432470298547e+01,-1.700408726738116272e+01
-1.514737730945961092e+00,-1.775785417552254586e+01
-2.737935465023746406e+00,9.210006229529146538e+01
-4.430654371190148488e+00,1.013831801383255424e+02
6.316880238596978359e+01,3.054257548280515522e+01
-6.054538467897563336e+00,1.137572558317081786e+02
-1.179298509518905824e+01,1.101621106792164397e+02
3.118341702859135367e+00,1.026058198628306855e+02
-5.337453525333021531e+00,9.171152475077275312e+01
-8.888246986955875784e+00,6.547710726222260291e+01
3.435891495488245795e+01,2.347178960221831190e+01
1.506414925137969085e+01,9.660425385296500167e+01
-1.587065755316336357e+01,6.432620816585284729e+01
4.544255885643495674e+01,2.253954608831158879e+01
-1.235283694189422121e+01,1.154756703666651561e+02
2.304033559233086059e+00,1.119551064468094239e+02
-7.333966879341833334e+00,9.974768805550060335e+01
7.797939114811766048e-01,1.092319067839652291e+02
-9.025927950699266233e+00,1.134352430951674222e+02
1.026663488640796018e+01,9.648295587602814294e+01
-3.710807036272647519e+00,1.170287685093820613e+02
-6.495110349180121645e+00,9.819679760277766434e+01
-2.874666102744424467e+00,6.857651435492805092e+01
-8.588836656583927365e+00,7.981858742653115257e+01
3.084013268794678453e+01,-1.081822128995820087e+01
6.305433733895989690e+01,1.128677489525229660e+01
-5.519985715599516141e+01,6.790090076147483611e-01
2.819614074028707762e+01,-8.057370066227516503e+00
7.494848705806775513e+01,1.955914400415835530e+01
-4.492530138014716456e+00,-7.596004997816764082e+00
2.440858404570364826e+01,-9.492195684763251151e+00
-3.183357326845904112e+01,6.043152563608360062e+00
-3.614925554485220260e+01,5.362627656356170114e+00
9.155579127186697086e-01,-9.582157601237263123e+00
6.587208172817415175e+01,9.421827478962741864e+00
1.418646218762465772e+01,-8.425459645740261294e+00
-2.544861013910488623e+01,-1.196178299374407894e+00
5.043976387783040138e+01,-6.031917637376738028e+00
-4.088087829965140685e+01,5.317910154624398977e-01
1.732390932998064770e+01,-1.282901703222905887e+01
4.273112802011591072e+01,-2.599767141796862635e+00
-1.319424633034918770e+01,-1.085593407268693689e+01
4.897416441584573121e+00,-1.382008366263184129e+01
-4.028616392818900493e+01,7.637947996817378460e+00
2.039760322339768450e+01,-1.086110624644620515e+01
-4.713529110651305132e+01,5.320288247824773720e+00
-4.682184278911226905e+00,-8.227680502890832415e+00
3.037163029572249329e+01,-8.342657599760997300e+00
7.041490627623335996e+00,-6.447029719127762348e+00
2.239332322377058304e+01,-5.775703554704478826e+00
2.010955275515461693e+01,-9.571006779081253413e+00
1.550889430719619178e+01,-1.570236160689607452e+01
-8.444650643335949169e+00,-3.823464927764961274e+00
-4.753988158189036994e+01,5.694317259952541121e+00
1.354446631418682401e+01,-1.055518887250408611e+01
2.569228472570697619e+01,-1.145419473885527140e+01
3.760527683560793832e+01,-8.173141848213710148e+00
3.281198520648632666e+01,-5.913874156472988197e+00
-3.526449890260518583e+00,-3.791383545614187334e+00
-1.698378249806051343e+01,-1.878176916485015280e+00
-1.495571796730982506e+01,1.003919631950395353e+00
2.689198541066200931e+01,-8.529263980247288046e+00
1.530361377720004334e+01,-6.759367671284816304e+00
4.049241513557309879e+00,-7.627333189677472980e+00
-3.788833571014459523e+01,-1.051071271397847440e+01
-4.518586831570038953e+01,9.677884201017981525e+00
-4.364633544539889698e+01,8.139882718820786067e+00
-7.802962409353455087e+00,-3.526170161987444818e+00
2.833465642080074431e+01,-6.779062624227528921e+00
-2.373972654536655114e+01,3.539747656600937820e+00
4.362686644101401612e+01,-4.212031198392415909e+00
2.856795056643770891e+01,-9.536796200053132111e+00
-2.772855786985115145e+01,1.792434727965863672e+01
-2.561019292468498776e+01,5.681131716904117557e-01
3.972801316669222871e+01,-3.924791178865386088e-01
-2.090570331395787917e+01,-3.648527209074921895e+00
-5.256953484268785814e+01,3.544122087948763156e+00
-5.802560660153946515e+01,-1.343483122328894908e+01
3.666104774952619039e+01,-2.849220592958606524e+00
3.458407782620003701e+01,-1.249589376858630629e+01
2.179873258623592491e+01,-1.658637117038228936e+01
8.496904531914277747e-01,-4.984275434538297134e+00
-3.156317890133739201e+00,-6.069049500886944948e+00
1.619428893592073493e+01,-5.615434471057294985e+00
4.663802582403685904e+01,-9.177486164956986103e-01
5.263056748868959289e+01,-2.625490469745603406e+00
-2.323914202919107197e+01,-2.271956552029038345e+00
3.053033300277336437e+01,-1.015459605276071819e+01
1.285971356422989942e+01,-5.759640958009723199e+00
-4.777290882240977865e+00,2.055611210668813360e+00
5.500683368539957030e+01,-4.410356465745740806e+00
8.440776127591315969e+01,3.952869111838315064e+01
6.009858023630745549e+01,4.082400242539457658e+00
8.441713628836993166e+01,3.194619188353810557e+01
8.349620519572603428e+01,4.203311654937602526e+01
8.038893864260445810e+01,2.850276556343817091e+01
9.344888116462614391e+01,4.793381500199630096e+01
5.845888181043351040e+01,4.680100885663150301e+00
6.718461098897593331e+01,1.568352025449351927e+01
9.256586653304709955e+01,5.007968013966249288e+01
7.657127170746113620e+01,2.124254916271404880e+01
8.909465948452529460e+01,4.006632173920093720e+01
4.544148151856798989e+01,-8.897017944424305824e+00
1.002709096034003124e+02,6.161736687421471714e+01
9.720164085116545039e+01,5.650837373927038954e+01
8.286654723483796658e+01,3.462313647934270477e+01
6.923574275688919499e+01,2.021617432389891533e+01
4.931221228202006301e+01,-1.183355150639562980e+00
9.219673931211006845e+01,4.876045662592929375e+01
7.799145295118184151e+01,2.982095256402570982e+01
4.719139282551363834e+01,-1.624732673234148495e+00
8.566473931128231811e+01,3.851828750170877669e+01
8.633229550346750614e+01,4.171271332482654515e+01
9.083215672008147124e+01,4.955596230547077141e+01
6.086623139981015385e+01,8.647601921060951824e+00
7.206784130762244445e+01,1.976202766732963312e+01
8.815134197112715242e+01,4.464244068569339419e+01
-2.652996987302606691e+00,5.124743464619766264e+00
-1.113529267490990016e+01,3.945648734947440506e+00
3.972352849476690295e+01,-1.022630472106138377e+01
2.659655840040717578e+01,2.041745178605929301e+00
-2.909463129046881136e+01,1.076078909592047417e+01
2.746202174690826947e+00,4.738727572100862595e+00
-4.549596517879391655e+01,1.150304790159685275e+01
-1.297184889286693732e+01,-8.163281572873135605e-01
6.166340995098527600e+01,4.295392095137469113e+00
-8.605171826158274584e+00,-4.699149888888828563e+00
-2.510921966877756262e+01,6.029003870580636359e+00
-3.622632581420049291e+01,2.323921833178549079e+01
1.022285511428434462e-01,-8.075008132344752454e+00
-4.071856906864260139e+01,1.447450842593387854e+00
-1.234647600285172686e+01,5.690575042099738745e+00
1.792136072909971034e+01,-9.213208961417519660e+00
-3.383628543983014936e+01,1.411013958417059477e+01
2.744508910072340058e+01,-8.080653505549188154e+00
-2.470944463613053443e+01,7.961940889866956361e+00
-1.728285042420237616e+01,-9.115549070662841702e-01
-4.601374801778322876e+01,1.008094869555581852e+01
2.116605589390352549e+01,1.506785565995036258e+01
7.633050342502296637e+00,-3.122387273351906689e+00
-3.136417893703898230e+00,4.857126168015584611e+00
4.806132945443484239e+00,3.069142499644068156e+00
5.360008020222282177e-01,2.346374261299427832e+00
-1.122033540122346196e+01,5.704599978946447436e+00
2.873064043351542196e+01,6.051849557938355773e-01
7.791412978191972627e+01,2.927462912558768338e+01
7.301355862528295404e+01,1.962477463201382122e+01
7.114963967940396117e+01,1.793292629397193849e+01
2.447694817858419469e+01,-1.214016735757604870e+01
5.798244477035802902e+01,3.460167498384454809e+00
6.918409739470116904e+01,1.443420938976925960e+01
4.727086492645589999e+01,-8.895660697773610792e+00
3.314359053277168243e+01,-3.912306855010314610e+00
3.292455160561170402e+01,2.026723323166624979e+01
5.619536263219822558e+01,4.913328225492795021e+00
-1.246794828621508699e+01,5.897505257927779798e-01
2.318909771551591348e+01,-2.836639097871754611e+00
2.662190998526603991e+01,-3.809731735930861340e+00
4.590409902192494940e+01,-2.823940645093542923e+00
7.558399715309901978e+01,2.333786810461289107e+01
1.602121009778502980e+01,5.616914750719208094e+00
5.768211385513659906e+01,5.874472709483571364e+00
3.085194876611226267e+00,-4.919749569555719404e+00
1.602666423262188289e+01,-7.901143897007619543e+00
2.988474238018654816e+01,4.206092503466297927e+00
2.418481306255145125e+00,-2.424649295472867117e+00
6.134000422298653632e+01,1.222131145740597091e+01
2.237122473786120835e+01,-4.156781393143813119e+00
4.978925265871929895e+01,-2.238082733889452225e+00
-1.657540852915686003e+01,-3.653354264556755382e+00
5.719735291104021258e+01,6.603976543025638080e+00
1.563066751565285983e+01,2.191856948744461686e+00
1.959489545027546953e+01,-9.084244730783755273e+00
4.247535198802140144e+01,-1.018140821875165614e+01
3.568004823950681637e+00,-6.873882092034824254e+00
7.106249715018729773e+01,1.776409799063842954e+01
2.335778564380804312e+01,-2.096034247437679188e+00
5.704725271602903547e+01,2.160588056952497116e+00
3.852690932441674221e+01,-8.184118346302173830e-01
3.640151298725721318e+01,-4.846543570478485385e+00
6.212289506062005273e+01,5.590618856014240023e+00
7.864579599687523626e+01,2.939764973178106544e+01
7.665336530080880095e+01,2.404326256120261007e+01
7.833036018992112304e+01,2.519927699818574141e+01
2.122830313221425769e+01,-1.002393383685983963e+00
7.596662683279753026e+01,2.153207312879958479e+01
-1.016399451015276512e+01,-3.475596064619332903e+00
1.115439968938125759e+01,2.057436753606281421e+00
-4.656587517141257848e+01,-1.120505911261912679e+00
4.649297415684966239e+01,5.144657566902690604e+00
2.233467223535386026e+01,-1.240258697972002366e+01
8.228112545942559919e+00,-5.404617073368735092e+00
6.636052841535939706e+01,1.730395964771344808e+01
5.473757944695778122e+01,4.643592417444295961e+00
2.415887682716014950e+00,3.133984544142106810e+00
-1.180748773094849824e+01,-8.092814425843391390e+00
4.523834026944859943e+01,5.648628487089511374e+00
6.420833820642712908e+01,4.704069376564637750e+00
6.229593973669970808e+01,1.121589302365790353e+01
4.956221065313495444e+01,6.367481647111553400e+00
2.377647666029952234e+01,-2.209833608499182755e+00
-1.742272233335903309e+00,-5.655624072107544364e+00
4.785173459823400322e+01,5.093822443662144872e-01
3.616668612680786765e+01,2.259948787393182812e+01
1.517656975420836751e+01,-3.669741819572769792e+00
2.091730102867815333e+01,1.858961110924070903e+00
8.388929014392637384e+01,3.678610487563869214e+01
4.827588554540233901e+01,8.852964302812553754e+00
2.895476999524148098e+01,2.864306891094630103e+00
2.500345443926117284e+01,-1.619561137333436651e+00
2.058774580720243108e+01,-5.394692365170658199e+00
2.019016278420657429e+01,-3.444145870535877396e+00
4.826862629170700814e+01,-5.099830133284497080e+00
4.149483667700415879e+01,1.566729398959118225e+00
-3.946054724070623132e-02,-1.558133959669650404e+00
3.780556939306985242e+01,-5.540934365974441889e+00
-1.501362367767496053e+01,3.002240911736920870e-01
2.885428705835552776e+01,-5.805451557842070898e+00
1.336205339269628745e+01,7.103041162572665268e-01
6.801736999921678262e+01,1.410538099643894228e+01
-3.977313681869316042e+01,2.512539802645298970e+00
-7.443555358076683781e+00,-3.628205092610569782e+00
4.284529482772766329e+01,1.406580333295753249e+01
3.495323922542187489e+01,-6.873221767573703289e+00
2.011932911499122234e+00,-3.345506443254205653e+00
3.210334955833798176e+01,-7.511714961134269508e+00
4.257397071123320842e+01,4.147979825881456861e+00
-4.461254279957827862e+00,2.043344182423854072e+00
2.944238811145628021e-01,9.986632396809842049e+00
1.141802599691736475e+01,8.981028321676671311e+00
2.321684785058057798e+01,-6.794060969433425079e+00
-9.995090770761493104e+00,7.722155852261729514e-01
2.738449774298922890e+01,-1.826275209831887025e+01
5.720486719154736477e+01,1.492927591913187513e+01
2.545905804584359444e+01,-8.276581255529102066e+00
1.662803817133590201e+01,-7.552944046013897683e+00
-5.456515908726925090e+01,1.029589023939588088e+01
4.103075391775911385e+01,1.743091202405986362e+00
4.550506183371578572e+01,3.977367874366682088e+01
7.310913718994154920e+01,1.753962144698327918e+01
-5.661757523822733873e+01,1.832349362479975952e+01
-1.319360795128345920e+01,-1.592389534527772987e+01
-2.723098822905004113e+01,1.082855758201457341e+01
3.341392750359882768e+01,1.678108446691975075e+01
4.207725037528254575e+01,5.041142474782666305e+00
3.858441315374656000e+01,-3.881978852604072716e-01
1.909812834145546390e+01,-5.532570943766723204e+00
8.904556401031209489e+00,2.991063730809675025e+00
2.429506845511806645e+01,1.041480280322943130e+01
-1.754353136208510833e+01,2.295137241871849199e+00
1.007652799912464481e+01,1.253947712784983004e+01
3.367544355161352598e+01,4.503956297488602267e+00
6.891871829671032401e+00,-5.129204222580229455e+00
1.230064738810394687e+01,8.470141359510384049e+00
6.444805588172576449e+01,1.741127088159915459e+01
-5.517872947442457132e+01,7.046751993011374005e+00
8.624161672726016192e+00,5.465094229616163979e+00
3.303126810558566717e+01,1.329760080439629455e+01
3.160610443143610482e+01,3.613025654588530866e+00
-2.896608509065348613e+01,-6.091713326412563134e+00
-8.732738282943030228e+00,1.963315426269597763e+00
3.731015315080006189e+01,1.067751469915158324e+01
6.768910158393880749e+01,9.066214938439413729e+00
-3.599494207496610443e+01,-2.418643030250170689e+00
-3.231348199710210878e+01,6.612737960295930861e+00
1.288173406221251405e+01,1.490261587849166247e+01
-6.840589709032290244e+00,-4.018650510258064301e+00
-6.173655370320103586e+00,-9.185609045533581707e+00
-2.364119453876383758e+01,-6.214047629706273002e-01
1.372845444647069080e+01,-8.625993560873560506e-01
4.730140660944061715e+00,1.066484599527218968e+01
-1.531367659728044650e+01,9.201845110104891035e+00
-1.132995087499586795e+01,-1.139840084276784848e+00
1.715236948476647072e+01,-5.332520661296681119e+00
7.023745406397084423e+01,9.572936769180957484e+00
5.331659725608470524e+01,1.833960398200837005e+01
2.511361732800386548e+01,-3.293351349328378586e+00
4.469495525209537590e+01,2.924206147626044139e+00
1.248397998619019056e+01,3.537603798394664434e+00
-2.637156621532649847e+00,-7.131813336027101435e+00
3.784896775282722814e+01,1.600218534157549888e+00
3.917077584537953072e+01,1.340832154494644257e+01
1.624161647118913265e+01,-4.302927950114789013e+00
1.217434342889592891e+01,5.464195566155846784e+00
1.084277051130912994e+01,4.430336758143023523e+00
8.126131694844586661e+01,3.213582786005459013e+01
4.966779311043038803e+01,2.118828560865786770e+01
-8.977935815236524064e+00,-8.595317421938895919e+00
6.296751499164499499e+00,4.808492961440102298e-01
6.206214619352756756e+01,2.061712552372813434e+01
9.477334210841959816e+01,5.313814595844900168e+01
5.022385749544211109e+01,1.687396002196731715e+01
5.246149499150909890e+01,2.136690978185257705e+01
4.330016165215973700e+01,8.198555333303373160e+00
3.440994858856050342e+01,1.924073435337521332e+01
4.328726144773300177e+01,2.141519899016781991e+01
5.806069306656020501e+01,7.435716780935790027e+00
4.903164925216823633e+01,1.398612158319967591e+01
1.091337126466847529e+01,5.043038485386176717e+00
3.404265877401402918e+01,9.186544041226464286e-01
6.437390447481580225e+01,1.804843103146071215e+01
3.893184322873467096e+01,8.759342353294098160e+00
3.413452144692875123e+01,1.153006005544192547e+01
7.276307781237092343e+01,1.448455481446844928e+01
2.766789739370954138e+01,1.078508903879925995e+01
2.217349762083725651e+01,1.624219826355966489e+01
4.867799701108014432e+01,3.074376557918672148e+00
2.879125059745274484e+01,1.012377487531123599e+01
5.382743698812789290e+01,1.047834925166730713e+01
5.017854409682235683e+01,1.861395843311102638e+01
4.543375318927451900e+01,1.199854441255012505e+00
-9.898286480214572691e+00,-9.223762607685626946e+00
3.112621385129682139e+01,1.046580944986869355e+01
9.197858996659553199e+00,-4.329896247410325749e+00
1.283490935671226474e+01,4.987909263974489305e-01
3.156371147614450834e+01,1.806462778487516019e+01
6.683599807140675253e+00,7.704423212844446311e+00
2.483340231789667740e+01,-1.491925872952073684e+00
1.128413199770291975e+01,1.772912602701444129e+01
8.408175729392413089e+00,3.494179070456910008e+00
1.966921119999346601e+01,1.322720376822063670e+00
2.439484137246850182e+01,-7.159832390009748693e+00
3.732259456336788617e+01,1.543335541433573255e+01
-1.578551359397112108e+01,3.024914197419577988e+01
3.606700368823875635e+01,5.145437071017138209e+00
1.319388096134183108e+01,-1.994069468219656471e+00
-1.505008281854487073e+01,-5.261630794919287091e+00
3.687073010163928899e+01,1.548618636598844134e+01
3.665394011222689841e+01,1.958149548616773217e+01
4.359055417206378280e+01,1.157008541255573419e+01
-1.094149006847814043e+01,-4.178235638242921546e+00
2.581339549251375587e+01,-2.124984545307312800e+01
2.250298197065929173e+01,-3.224779428299553885e+00
1.973230879951231032e+01,2.845886776728925760e+00
1.990671245691624591e+01,1.563444041684702057e+01
5.136312421719646437e+01,2.047740124037375864e+01
4.766309898511117638e+01,2.083779650196584754e+01
6.305524902520836861e+01,2.047040484183892417e+01
9.343417535069907132e+00,6.122172732162531439e+00
2.301064788707343922e+01,3.372830069137523257e+00
3.316734114667392674e+01,1.276695167972802736e+01
4.333168459153511520e+01,1.981594110281076837e+01
2.286222375677578356e+01,3.196204548823219582e+00
5.760259631391927826e+01,1.049451061987045186e+01
-2.146006019139343834e+01,2.674761665324290938e+00
5.988194847065995674e+01,1.351429310318573052e+01
5.365966047741793687e+01,9.052824803008526544e+00
6.841215363104633695e+01,7.317087896832066285e+00
1.016354735120795816e+01,-2.748425894213798681e+00
-9.017077094449348351e+00,3.547740271236623943e+00
-1.505774225790211140e+01,-1.110435378614820466e-02
4.399043881224747565e+01,1.179036696497656500e+01
5.701333222832830216e+01,1.925582571025179135e+01
7.663573762263608558e+01,2.028852396734112062e+01
2.349518193829945645e+01,1.483259173222566174e+00
6.912191507432956428e+01,2.326375555989264399e+01
5.627056050814647215e-01,1.126708113681295753e+00
4.990662750748810339e+01,8.155936302074762168e+00
6.805592876303551009e+01,1.244388774838247080e+01
7.417374871510585876e+01,1.870382574489537220e+01
4.732008889451135758e+01,1.809230169579127301e+00
2.716807225753103339e+01,-2.964596933296036241e+00
-1.937674772426876046e+01,-1.002177741190921267e+01
-3.241242217601524800e+01,1.554876699441961829e+00
5.035441919693302992e+01,2.491133938759090949e+00
2.381095144835282440e+01,1.259711399441776081e+01
4.890396622919195835e+01,1.911221768961616618e+01
-7.695015993990993453e-01,1.118342131516658533e+01
4.436043691198371164e+01,1.438211272159492893e+01
6.476331183004786496e-01,8.675787022361575396e+00
3.094676802137716720e+01,1.284313504409856499e+01
4.366875822089853187e+01,1.775211088302178553e+01
3.896213823226045747e+01,2.339601873604431148e+01
-1.048649059069668965e+01,-6.002405412877356738e+00
1.783932977910082229e+01,9.090617832216972838e-01
3.097244311809297201e+01,1.422173581342034510e+01
2.458057858392229278e+01,1.919983860139760523e+01
-2.326208012521383495e+01,6.514399204561188483e+00
1.119027085999024607e+01,2.201075541667794955e+00
3.397426472994728641e+01,1.628911885611768540e+01
-1.097913239071530533e+01,-2.317947439319298919e+00
3.420055040788887624e+01,1.660932556403888327e+01
3.886695257239706791e+01,1.217932554464077732e+01
3.553752425757980404e+01,1.260794442639848079e+01
5.369466791923002091e+01,2.373790341817164773e+01
3.197286923986174756e+01,1.303387065538375467e+00
1.428905511103601533e+01,1.458552577747006751e+00
3.630413336238025579e+01,-7.210665676536702762e-01
3.588961963145846568e+01,1.815711765649790621e+01
-2.823048524355458611e+00,-1.087598626713765171e+00
4.091578039704661052e+01,1.290437644164223308e+01
2.544672499570322088e+01,8.115059867219780898e+00
-2.501740723712436676e+01,2.481336807120981369e+00
-2.243371657120306395e+01,1.146757087167242117e+00
-1.944714338004850873e+01,8.850706644513703480e+00
-7.118145688499210699e+00,4.135535060741025504e+00
1.655451420944748264e+01,-4.762080734444402275e+00
2.375706001808076095e+01,-6.512135736277738118e+00
6.493975937874614601e+01,5.628358762814367644e+00
5.275702773222172226e+01,1.550591260466890908e+01
-6.696429904026993540e+01,1.056180336294409159e+02
2.324509823188830282e+01,6.291329566558958142e+00
4.102856976553434976e+01,1.508483121691273432e+01
-2.231559410304326718e+01,3.689832941291967927e+00
5.523741726000037033e+01,1.126699440488852844e+01
5.379211703493569274e+01,1.783773847132965074e+01
3.273820938690120030e+00,1.339218332395215150e+01
3.023209899206966256e+01,6.162413990088963622e+00
-1.153728998922719207e+01,3.647657868302894180e+00
1.037249215952536652e+01,-6.567710196198992101e+00
-2.832808173759897841e+01,-5.083179892018619306e+00
1.557531967698321296e+01,7.666630532180391810e+00
2.278730004343432469e+01,7.301749144216977960e+00
6.168510977737414436e+01,4.574887521729101181e+00
-2.870759887839773761e+00,4.213714027052674282e+00
3.823651832642237736e+01,-1.836029225615511962e+00
-1.743072685030256608e+01,6.086260751950292480e+00
2.862070689619267938e+01,2.261574036949360877e+00
4.153472381319628148e+00,7.431425898634614668e+00
2.098887511270988782e+01,-7.036733783241323259e+00
2.083490731392150508e+01,7.021152598069122952e+00
-2.541739002860135699e+01,4.804038942078968866e+00
1.851336281248611826e+01,-9.830104442777276574e+00
3.393655265353038519e+00,-4.258782203668627808e+00
-2.957000184590687297e+01,-4.033823646037438593e+00
5.611097964250401082e-01,-5.869569882381188819e+00
5.790534448043968752e+01,3.687519891550201212e+00
4.681818883393910369e+01,1.789031930350490640e+01
6.111436715996099878e+01,6.707399726604674761e+00
2.394473055821841356e+01,-8.608327432657215894e+00
-1.378835027128881840e+01,-1.958221250780627543e+01
-5.213082547394461130e+01,-8.400118899695856456e+00
-3.491307316448750697e+00,-8.839259737750268187e+00
-1.780052823766022385e+01,-1.969375076177630390e+01
1.826736254659373060e+01,1.186761697119045067e+01
4.345878834653241540e+00,-6.721322767729980718e+00
5.617459061793120156e+01,7.059259569085370778e+00
-2.228719293361879750e+01,-2.195823424373800847e+01
2.247869184293137934e+01,-5.318923900491150825e+00
-5.675427820641036192e+01,-2.676527638475739046e+00
4.583525033484853850e+01,1.341796375570396549e+01
-1.532077282508405425e+01,-4.601042447629675181e+00
2.852569885992103238e+01,-1.055374579965656245e+01
3.714579723745630702e+01,-1.264356134540616239e+00
1.996085546359917373e+01,-1.933869656311503249e+01
-1.659428031347073507e+00,-5.216281511473363608e+00
-1.292088836077241432e+01,-4.232154887290662693e+00
1.667446136162740800e+01,-1.334344279704700931e+01
5.335787230504495682e+01,1.573902094176711008e+00
1.211102190031129311e+01,-1.958246290556808589e+01
1.056789534380287954e+01,-2.461130796693688794e+01
1.789445821315838181e-01,-7.676642687438177681e+00
2.022355759953779852e+01,1.243003735096198525e+01
1.119143558209197487e+01,1.178142143060926017e+01
-4.322918142380281381e+01,-5.534479469533134299e+00
-3.753794954975360554e+01,-1.382676749762324775e+01
-4.007175629760732249e+01,-5.596077382778649856e+00
2.947430966829737642e+01,-1.748245163424112292e+01
1.619498155081279123e+01,-5.401448877293549167e+00
-3.868657852141709874e+00,-4.629358024486662337e+00
-7.391545937259680343e+00,-6.907919716705953839e+00
1.919322991140103696e+01,-1.794320113055371380e+01
4.542953836200119611e+01,-2.057515865244539555e+00
2.809526311018483113e+01,-1.569094401392498384e+01
-7.120639544422455458e+01,1.620088853306209131e+01
-2.848756271921416783e+01,-1.689154777922068806e+00
-7.586818259426154043e+01,1.595099210387578559e+01
-2.522973776810144741e+01,-8.676837514726997824e+00
-4.239915175030871120e-01,1.387818302116267510e+01
9.282486483338935557e+00,-1.547590066727459934e+01
7.078428524979999636e+00,-1.809367406784169674e+01
4.003511197297072499e+00,1.163727765539661085e+01
3.839866324148911758e+01,-2.698230501381593704e+00
1.370015339460241899e+00,-7.420391060515047599e+00
-3.697432402768909299e+01,-1.266558578693141257e+01
-3.826852394183845263e+01,-1.625835782725770073e+01
2.896597312447076078e+01,9.719511155841938921e-01
-4.286233345992603461e+01,-1.289336884279497220e+01
4.468770726168491336e+01,5.461686902063901172e+00
-8.786227465885769305e+00,-6.153976753147185619e+00
1.501823947000515691e+00,8.815683959694563754e+00
3.546288188908055972e+00,-1.381874751428613735e+01
8.449016611243836294e+00,-9.755789122326826046e+00
2.445284952022370106e+01,-1.411967961792130311e+01
4.132491548939357529e+01,-8.334517022280598653e+00
5.487002584617064826e+01,4.630998521162535297e+00
8.716978477657345792e+00,8.827161730308969112e+00
4.242912769903233738e-01,-8.562295721424705519e+00
1.344670931835918681e+00,-1.381681158677257137e+01
-1.090885662140892975e+01,-5.055217051718216226e+00
7.800902441189783154e-01,-1.233080621312743297e+01
-2.926982556800770752e+01,-7.909887227669246457e+00
7.782855842363985310e+00,1.428881834738766798e+01
5.364830755803873785e+01,3.068673619387563001e-01
-6.834509474269786722e+00,1.445695779450543661e+01
8.544578466904082958e+00,-7.295498751097508894e+00
5.010136885788930527e+01,3.274180558211847725e+00
6.884965616692288393e+01,1.344015090048810279e+01
-4.534288079668640847e+01,3.031664133008848072e+00
-4.509975518469911293e+00,-8.351259618230335136e+00
-3.974539176539580154e+01,2.135571232733783464e+00
-1.332587622977353625e+01,-9.598755158384815189e+00
-3.221295369174472967e+01,-4.470957412786313173e-02
-4.128989419507179015e+00,-1.127371684961587484e+01
6.595428648744718902e-01,-1.143435195527679404e+01
-2.972232918149968484e+01,-6.638964576401004791e+00
-3.066425236537093468e+01,-6.756776536053860305e+00
-5.539952518793334946e+01,2.803600112439108116e+00
-2.681171181670812143e+00,-8.587781562958895165e+00
3.901552620973094854e+00,-8.403913164242624134e+00
-6.568225053648704126e+00,-1.075659975947459479e+01
-4.249368523446756285e+01,3.908134753816492335e+00
7.617960120840446336e+01,2.812859948232919294e+01
3.267172494591297749e+01,-1.237024362132458855e+01
1.327103695889883461e+01,-1.055087483303283769e+01
-2.340041090449331840e+00,-1.610758556629377836e+01
2.128393611171840760e+01,-8.308982265197920825e+00
-2.087552606467592753e+01,1.893961576394895596e+00
-3.485543457806279832e+01,1.119126443994180775e+01
1.865407226579744915e+01,3.141250338231477368e+00
-1.579911673908704683e+00,1.337211596101348432e+00
-1.750931290468782819e+01,6.479268616624626276e+00
4.510602234947298506e+00,-1.080906179529198319e+01
5.266111817453776212e+01,-1.751198079991035383e+00
1.828471578510715645e+01,-8.495771330487931206e-01
1.042438288991211159e+01,-2.859623893174199516e+00
3.894892646937307745e+01,-9.140554480888415156e+00
-2.619385653655388069e+01,1.193212356967907795e+01
-2.778615844651092459e+01,1.022835381878427796e+01
-2.584535366811788748e+01,3.344368998472419641e+00
-3.268926019722505316e+01,8.972861210047527791e+00
2.348334143761652282e+00,-1.102383420051938678e+01
-3.058139396203815963e+01,1.242387759953182780e+01
-2.643233127646336555e+01,4.358319937923801568e+00
-2.453233498329784368e+01,2.082336271243100612e+00
1.828771143051113057e+01,-1.261185839357292515e+01
3.108220824957455619e+01,-5.750786704497830470e+00
3.945184088861897465e+01,8.552391462832622082e+00
-3.806317332471787296e+01,9.251236817346045527e+00
-2.433570081644272065e+01,8.352665473422600240e-01
3.824673981903628572e+01,-9.509860329230276577e+00
-4.705625860991663245e+00,-3.228121378440790945e+00
-3.797041000641477648e+00,-5.489065829997937129e+00
1.165952761449556263e+01,-1.342754307170469019e+01
1.175757388771724976e+01,-1.528299601844169331e+01
-2.099515865781894774e+01,6.624728021018039037e+00
-3.939024316422884198e+01,9.118980286193011153e+00
4.411275886369563892e+01,-3.443783644563569890e+00
-9.089583590275095659e+00,4.711200932233277960e+00
-3.851365981717075471e+01,7.470458671748727575e+00
1.282084836314273169e+01,1.606475583574878963e+00
-1.078396244046962416e+01,-7.673841677955929585e-02
1.091696183020058797e+01,-6.626534424221591557e+00
-2.354842339510420146e+01,4.600444623632240493e+00
-2.742975053621320924e+01,7.593945134779343853e+00
-2.578615488844731729e+01,1.134153143863317048e+01
4.478272588340107063e+01,1.228349394929090455e+00
2.131105781427605450e+01,-5.953191258494217486e+00
-5.303631199539062813e+00,-7.804003769701102655e+00
-2.169035485762196291e+00,1.536822696184640735e+00
2.766891854910966231e+01,-7.573314514458356683e+00
-4.548896913313335233e+01,-4.698884452148043067e+00
-4.691743203739543233e+00,-1.332176924384067007e+01
-1.317887433356039040e+01,-3.852411558561832816e+00
3.542369398462805918e+01,-1.283459333508006850e+01
6.769467344825721966e+01,1.152643991491415676e+01
-4.464216451778425920e+01,4.066178975181566457e+00
-1.971852617115330730e+01,-2.566652702591037283e+00
1.672855388009378430e+01,-1.159944904184857606e+01
4.530717682994615814e+01,8.825452926430067402e-01
2.017624521706031793e+00,-1.146145846780946975e+01
-3.713622111462535713e+01,1.268632497945286319e+00
3.905954311717782446e+01,-1.089309814706894564e+01
2.508582700354596184e+01,-1.012168859230436269e+01
5.570438527581024424e+00,-8.069114775762454173e+00
-3.389502739096561612e+01,-8.328101440292611457e+00
3.468454415308020344e+01,-8.328440873604270323e+00
-4.840451776555915409e+00,-1.313639356631440869e+01
6.771271799304214767e+01,1.087462675849964988e+01
7.009212605378849048e+01,1.371784484973042773e+01
5.754629819331662333e+01,6.922171269405912319e+00
7.587864262908574631e+01,2.470707875360430705e+01
-3.026189797977700380e+01,1.252540696469010228e+01
-4.710621670283779849e+01,-2.813427130551438005e+00
-7.684993524359101968e+01,1.935700682891901891e+01
2.915585410259900456e+01,-8.672287087842164510e+00
-2.450469808784701442e+01,-7.565052649631479831e+00
1.075910738975283820e+01,-9.043293870011819280e+00
7.695994321944061856e-01,-1.527901437010353902e+01
5.426189750762252118e+01,6.035002418764761956e+00
3.804071291428950019e+01,-6.603155025335717632e+00
2.593132044388731927e+01,-1.555128204072413389e+01
-1.202732955543234361e+01,-6.658606221469639763e+00
2.517995549224756147e+01,-9.635259813006291196e+00
1.905091938248050454e+01,-9.979259906352501375e+00
5.866300512053846461e+01,6.286811621844013764e+00
-5.952600682978459901e+00,-1.848756187885373592e+01
6.302124655598515091e+01,5.116487628766564377e+00
4.034265080727291775e+01,7.352879088562123577e+00
1.092376809323815223e+01,-1.011159664635851918e+01
-6.712549456903356138e+00,-2.931303037569200853e+00
-1.838167611646547073e+01,-8.249079667395205817e+00
-2.352158456254525021e+01,-1.369975896468563992e+00
2.458594069086432299e+01,-1.542001944977333316e+01
-7.165707831334039213e+01,1.491209935814493370e+01
3.336124536160506437e+01,-1.188535105137618864e+01
-2.752729066066285313e+01,-1.557879257865953093e+01
1.241493214520375155e+01,-9.101786890655780837e+00
3.192442559275117020e+01,-8.809116948780705059e+00
4.556936062399799425e+01,-8.692817954337747968e-03
-5.524365929700149058e-01,-1.010548981703383298e+01
-1.088645440228658678e+01,-1.730008107133629025e+01
1.410462682131741730e+01,-6.179655332627065789e+00
4.476723712041785319e+01,-5.338310312043152983e-01
7.631090924939643116e+01,3.151923907945680270e+01
2.881024381113327237e+01,-9.742230573384034642e+00
-1.815239738322278740e+01,-8.365988413142178004e+00
8.204574373775150420e+00,-5.936986988164144385e+00
3.734259985645678181e-01,-5.399352896297332727e+00
4.371436380165840774e+01,-4.425946365740506927e+00
6.505052416665229487e+01,3.388551000140246905e-01
1.400129834052038724e+01,-1.204202596822904425e+01
1.493857924840265561e+01,-3.153087853332658508e+00
-4.373443240231859619e+01,1.137056437843590118e+00
1.056705209207317075e+01,-1.464711305415776721e+01
2.865998618240943330e+01,-9.303908956540134056e+00
-2.101761675957756381e+01,-9.013487548850200426e+00
6.532657888488135711e+01,1.612732935033465154e+01
-2.378651167401066147e+01,-1.358571090760306133e+00
2.978713947569033849e+01,-7.348724744893818439e+00
3.165261277426289510e+01,3.913274754838113711e+00
5.659491371007091232e+01,1.404686712435330165e+01
2.217261398792938110e+01,-1.591905393949289538e+00
-5.891958969594355722e+01,1.646792959380057297e+01
-3.416730563918180419e+00,5.666345031225523243e+00
2.182644654604578704e+01,5.977556987565578517e+00
-4.303978110010190505e+01,1.446265982678598938e+01
3.077953205648729451e+01,4.837280183838929548e-01
4.707220246720235934e+01,-7.488426264175102709e+00
2.061517297301305263e+01,5.556968258459550114e+00
-4.167503800028613625e+01,1.124285174885983807e+01
-2.868794726437489118e+01,9.039031230971261266e+00
1.591535540792942882e+01,5.838576305939753297e+00
2.615818692975759419e+01,-3.569659370166307077e+00
1.184025618003844471e+01,7.652464954335041369e+00
-2.930169071973048389e+01,8.116981947869691183e+00
-2.560159369264195561e+01,7.393994625015263722e+00
-2.337767015643536084e+01,2.703634140301703237e+00
-3.109486694292914777e+01,2.845447791248998382e+00
5.506836547150297889e+01,2.501812439676657007e+00
2.196698746457720830e+01,-1.040274662885375712e+01
3.284016667536683798e+01,-5.027548129014189016e+00
2.452351005613913415e+01,-3.111850576562328108e+00
1.022340801765169438e+01,-1.128065256165633556e+01
-2.783692887714741815e+01,9.040310987326707348e+00
3.630078798141917140e+00,3.491187763528622590e+00
1.937296663743059355e+01,-1.453426723622908057e+01
1.158662215512332949e+01,1.526490781229050131e-01
-3.111401630868703450e+01,8.870846890575414534e+00
-7.857602048086365976e+00,9.247265680849899638e+00
4.468480953894288632e+01,-6.586713578198437169e+00
2.022799465550304276e+01,-1.420507587964152663e+01
-4.297323502003397522e+01,1.378451439431436398e+01
-4.203578231435285417e-01,8.948698565262048987e+00
-5.321063309095550409e+01,1.000740720447768872e+01
-2.639771873441339167e+01,9.021554109256928911e+00
1.896835094957067014e+01,-1.820759598633369558e+00
-2.819329818796960296e+01,7.850452566196221227e+00
1.236642770710382955e+01,-2.544107379589948259e+00
4.958700860969892688e+01,-6.122403616618141697e+00
2.937977498720035641e+01,5.177594431659505503e+00
5.905891470582165681e+00,6.198118281275036168e+00
-2.833868709690321097e+01,5.251059230967792146e+00
2.581137515405437100e+01,-1.200509976007598034e+01
5.567137680528227150e+01,-2.159756844233167605e+00
3.454907273077867935e-01,6.356436899791560791e+00
2.933288817185804831e+01,-3.795659138470577343e+00
-3.700418688942092693e+00,7.659471149350031816e+00
-5.712228046328504405e+01,1.417112444513909608e+01
6.021455887431968357e+00,-6.283899234501248543e+00
3.989668400674709403e+01,3.972692303619272947e-01
5.399164533927919507e+01,4.837866635019958395e+00
2.569360793232026197e+01,6.915234986209048529e+00
6.347547775528792613e+01,9.618957924277697913e+00
1.557091920387437689e+01,-8.182755898529078920e+00
3.441820860894968348e+01,-5.194213456446455268e+00
2.190547068769242856e+01,-5.437746207244913421e+00
7.554931201090697357e+01,2.181637331005414993e+01
6.572846797197701108e+01,1.486069577309438650e+01
3.660562749739530375e+01,-7.671451044577932699e+00
4.705672560680223881e+01,-4.623041315256221750e+00
4.359089966599360366e+01,-2.690736220081397789e+00
3.520158004292711240e+01,-1.629949762796401203e+01
6.683488381159493485e+01,1.578437500479412847e+01
-2.175362937159659182e+01,4.231112219170974242e+00
-1.780333082361933350e+01,-3.812183223595375647e+00
3.014951660207493056e+00,-5.758142972817142713e+00
6.573591512003700643e+01,8.794714312620566687e+00
7.957995156184195196e+01,2.930941331764374169e+01
4.070507273830244799e+01,-1.435952103792707657e+00
4.052312307983254414e+01,-4.871244481426955986e+00
5.618779089941561722e+01,-1.085756622330998589e+01
3.747307367655657373e+01,-6.746116158036679522e+00
5.408247626277484699e+01,-2.389936608449002797e+00
4.232301359448405975e+01,-4.436661285898991558e+00
3.175509613202333981e+01,-1.255551974474024490e+01
2.750530571406529745e+01,-4.171567478020282493e+00
-2.407221407113471656e+01,-2.806911284795554185e+00
-2.225819647826529746e+01,5.649061773977411605e+00
4.430598922237441428e+01,-3.345429047956404389e+00
2.419462830597336023e+01,-1.162396242144687974e+01
-2.466490105918170528e+01,1.354776460268246607e+00
-5.118461891823627985e-01,-1.156344952949839211e+01
8.525428275095235620e+01,3.574204506052074493e+01
3.770120405727418245e+01,7.008864840604385194e-01
4.291357249617889380e+01,-6.375545916232491450e+00
6.475508776651750509e+01,1.174241419082048665e+01
-1.159558529611074462e+01,-8.010133130765169085e-01
-1.543008120552855011e+01,-7.260663041489544334e+00
5.013898250148735514e+01,8.524756829393791424e-01
4.248635652954483533e+01,-2.832144209586592076e+00
-1.279989163230514215e+01,-1.576200467781110337e+00
1.018739039596056095e+01,-6.986611059010803260e+00
-2.457890982078753339e+01,4.561633520471371384e+00
5.551827073749061725e+01,2.670525935161469633e+00
-3.583619691850949529e+00,-4.489815329499618812e+00
1.210199848803804379e+01,-4.341147381074168976e+00
2.592941020641748651e+01,-5.575673112390754582e+00
1.395604601958885382e+01,7.156472179942847678e-01
-9.439686056720319129e+00,-1.099695551188711456e-01
-4.170313453251969094e+01,7.701251984925369776e+00
-2.395752746031392633e+01,8.393278806240446199e-01
8.171662405200818569e+01,3.456398777341884454e+01
5.462571222294076989e+01,5.252144411766431764e-01
5.894962386389128284e+01,2.647264585475193055e-01
-3.852642815397215514e+01,1.124337898508996325e+01
-4.269593504476725698e+00,-9.981863533862737892e-02
2.736553542599479361e+00,5.834073702017586349e+00
-4.180584351151233591e+01,1.407995616701247954e+01
5.031665261428394764e+00,1.019812805648910858e+00
-7.429640179070476691e+00,5.426239414637548109e+00
1.074085341715760045e+01,-4.466124218571937199e+00
2.853272309581083377e+01,-4.368871542022367827e+00
1.022963034731709975e+01,5.779498356443321105e-01
1.911267021929339194e+01,3.410993845358741616e+00
7.059838442113240831e+01,1.819050887860622367e+01
2.812664972581523770e+01,-1.254105395312173687e+00
-1.335624517564835934e+01,2.500003768333663778e+00
2.559892388506942140e+01,-4.844144941961830320e+00
1.596775001498800428e+01,-1.387849033137370647e+01
3.466203201013124158e+01,-1.075424545944078858e+01
4.146006911094139546e+00,-7.842724806014526706e+00
6.688960407674498754e+01,1.643184911920750935e+01
2.946932191545420920e+01,3.642214907126911649e-01
-9.644692374800248658e+00,-3.181647088109410326e+00
2.752694753339538636e+01,-6.492708501219983219e+00
-1.417592991646463396e+01,4.243209551742369356e+00
-1.615274058840537208e+01,-4.129067588592135962e+00
1.157094900427347994e+01,-6.086354851402318467e+00
-6.293064763890251490e-01,1.461335421250524513e+00
-2.470771892706051354e+00,-4.151926542607592197e+00
-2.056242579373866874e+01,1.570393342074669629e+00
4.383886514595909745e+01,-7.149822537254079791e+00
3.778195351612795605e+01,-6.169042756072190770e+00
1.819059724689594049e+01,-5.251716204126525511e+00
-3.669253920167087557e+01,2.588611218301164474e-01
8.411637552600057077e+00,9.288454405224717547e+00
-1.031717517902204584e+01,-2.085810733384323878e+00
1.393609196907544145e+01,3.842004548042253553e+00
-1.430010790585132874e+01,3.284503745994694857e+00
5.744130779899850836e+01,4.052722711773537601e-01
2.077570449856582258e+01,3.710968996976790280e+00
2.376987683901127912e+00,5.231178945375256184e+00
4.012376326022823037e+01,-3.590321913989109603e+00
1.163460966882226622e+01,7.754789408971828557e+00
5.124192993186260026e+01,-8.842341698406130934e-01
9.379327077241183019e+01,5.336532673477444888e+01
4.902204915101775384e+01,4.475540134083361710e-01
6.063358490043959392e+01,5.514402650758928104e+00
8.293357164321693631e+01,4.200039147367029102e+01
4.195416860770728817e+01,-2.009485278715926526e+00
3.133133470961170985e+01,-6.301015858073420794e+00
6.632919064363056805e+01,2.290114078478291848e+00
3.832669845142474685e+01,-6.410893100651321674e+00
3.092748807394814037e+01,-1.829877244560336180e+01
-6.203924170081684508e+00,1.477608040098934339e+01
3.358752683814349638e+01,-9.114306262023816885e+00
4.201592019990714277e+01,-9.073213673457635409e+00
4.340996806703206801e+01,-7.530768635431134506e+00
-3.779495746619273344e+00,-6.348317083666226601e+00
2.243045723940323555e+01,-1.749836833636761568e+01
-2.363293089172092820e+01,1.204831636183175458e+00
4.642999398831167213e+01,-7.241312216261674983e+00
3.554695438240396754e+01,-1.019932943459640917e+01
7.205836776999369420e+01,1.447904973072194679e+01
3.226941410867883064e+01,-4.595485476503072597e+00
2.986785282631410965e+01,-5.670310865681772228e+00
4.867450597498806930e-01,-1.044006133596737884e+00
6.595804849182843554e+01,1.106546070440405849e+01
4.121939900530946232e+01,3.963369639347826857e-03
3.520710946782333650e+01,-1.068491932610439399e+01
8.091848936535257053e+01,3.539681794609630572e+01
1.777008220682219175e+01,-6.560711396927450423e+00
3.049601263259837935e+01,-7.939038551597011661e+00
4.213875528888377175e+01,-5.560171911507305609e+00
-3.701490940821870623e+01,1.124672435035440898e+01
-7.229118926864253503e+00,3.066620306415399178e+00
-4.030099182372351407e+01,1.140422350127136664e+00
-1.065419392507123852e+01,-2.806096908860557626e+00
-3.607858285776227092e+01,7.862309132892434604e+00
-5.191998093307438111e+00,2.452890617969713527e-01
4.336762469248702789e-01,-6.645061347526714179e+00
5.297404574378393960e+01,-1.289074341010154168e+00
-7.491406360620918470e+00,1.828688534260783261e+00
4.753192014572066171e+01,-2.528832429876891830e+00
4.026020766393703099e+01,-5.323989705184861698e+00
5.708875803531593185e+00,-7.224967039635425969e+00
2.528142278857316327e+01,-3.005602817632394341e+00
