"MarkerName","A1","A2","Freq","LogOR","StdErrLogOR","P"
"rs138660747","A","C",0.0074,-0.005,0.038,0.896
"rs141242758","T","C",0.8805,-0.0075,0.007,0.29
"rs2073813","A","G",0.1328,0.0062,0.0064,0.3352
"rs3131969","A","G",0.1339,0.0068,0.0064,0.2891
"rs3131968","A","G",0.1338,0.0069,0.0064,0.2789
"rs3131967","T","C",0.139,0.0077,0.0064,0.2327
"rs3115858","A","T",0.1324,0.0063,0.0065,0.3318
"rs3131962","A","G",0.1372,0.0067,0.0064,0.2963
"rs3115853","A","G",0.8639,-0.0058,0.0064,0.3703
"rs4951929","T","C",0.8691,-0.0074,0.0065,0.2548
"rs4951862","A","C",0.8689,-0.0075,0.0065,0.2453
"rs3131956","A","G",0.1348,0.006,0.0065,0.3542
"rs3131954","T","C",0.8695,-0.0066,0.0065,0.316
"rs2286139","T","C",0.8512,-0.0073,0.0064,0.2536
"rs1057213","T","C",0.8669,-0.0059,0.0066,0.371
"rs3115849","A","G",0.8603,-0.0076,0.0065,0.2462
"rs7515915","T","G",0.8734,-0.0041,0.0067,0.5437
"rs61768174","A","C",0.8943,-0.0085,0.0073,0.2406
"rs2977608","A","C",0.2434,0.0053,0.0052,0.308
"rs12562034","A","G",0.106,0.0012,0.0072,0.8711
